source_id,name,address,category,lat,lng,distance,province,city,district,adcode,source_keyword,source
16468594233878353805,川式鸡煲煲(电子科技大学店),四川省成都市郫都区电子科技大学(清水河校区)B区,美食:中餐厅:其它中餐厅,30.74913,103.931672,2.83,四川省,成都市,郫都区,510117,"美食,餐饮",tencent_map
16130612729259573528,螺蛳粉店,四川省成都市郫都区成都高新技术产业开发区(西区),美食:小吃快餐,30.74913,103.931672,2.83,四川省,成都市,郫都区,510117,"快餐,美食,餐饮",tencent_map
1785909719527209414,麦当劳(电子科技大学商业街店),四川省成都市郫都区合作街道高新区西源大道2006号电子科技大学商业街(清水河校区),美食:小吃快餐,30.752522,103.934145,446.08,四川省,成都市,郫都区,510117,"快餐,美食,餐饮",tencent_map
3437868085410391484,蜜雪冰城(电子科技大学店),四川省成都市郫都区合作街道西源大道电子科技大学清水河校区学子食堂布雷德西点,美食:冷饮店,30.753177,103.933002,469.38,四川省,成都市,郫都区,510117,奶茶,tencent_map
10223940800942471589,学子餐厅(电子科技大学清水河校区店),四川省成都市郫都区西源大道2006号,美食:中餐厅:其它中餐厅,30.752697,103.934449,478.16,四川省,成都市,郫都区,510117,"快餐,美食,餐饮",tencent_map
4856227193913993525,家园餐厅,四川省成都市郫都区西源大道2006号电子科技大学清水河校区内,美食:中餐厅:其它中餐厅,30.752792,103.93449,489.15,四川省,成都市,郫都区,510117,"冒菜,米线,美食,餐饮",tencent_map
1732923897401697005,银桦餐厅,四川省成都市郫都区合作街道丹桂路电子科技大学清水河校区内,美食:中餐厅:其它中餐厅,30.754401,103.931184,590.67,四川省,成都市,郫都区,510117,"快餐,美食,餐饮",tencent_map
17271021468123568686,芙蓉餐厅(丹桂路店),四川省成都市郫都区合作街道天润路电子科技大学清水河校区二食堂三楼,美食:小吃快餐,30.754406,103.931156,591.45,四川省,成都市,郫都区,510117,快餐,tencent_map
11995566657250671040,西北餐厅(电子科技大学清水河校区店),四川省成都市郫都区合作街道西源大道2006号电子科技大学(清水河校区),美食:中餐厅:其它中餐厅,30.754798,103.930057,651.93,四川省,成都市,郫都区,510117,"美食,餐饮",tencent_map
5693115777778181867,桃园餐厅(电子科技大学清水河校区店),四川省成都市郫都区合作街道西源大道电子科技大学清水河校区内,美食:小吃快餐,30.743026,103.928656,737.32,四川省,成都市,郫都区,510117,"快餐,美食,餐饮",tencent_map
4123067921512084620,蜜雪冰城(电子科大清水河校区商业街店),四川省成都市郫都区西源大道2006号电子科技大学清水河校区商业街B座104号,美食:冷饮店,30.756535,103.929748,846.92,四川省,成都市,郫都区,510117,"奶茶,美食,餐饮",tencent_map
13575660294731885034,攀枝花羊肉米线,四川省成都市郫都区天润路与时代北环路二段交叉口正北方向56米左右,美食:小吃快餐,30.753728,103.924395,866.9,四川省,成都市,郫都区,510117,"快餐,米线,美食,餐饮",tencent_map
17215798218745459082,大湾金牌万州烤鱼(龙湖时代天街店),四川省成都市郫都区合作路89号23幢1层45号,美食:中餐厅:其它中餐厅,30.753697,103.924368,866.94,四川省,成都市,郫都区,510117,"美食,餐饮",tencent_map
14101769993987135958,重庆鸡公煲老麻抄手(龙湖成都时代店),四川省成都市郫都区天润路485号(缘味先石锅菜隔壁),美食:中餐厅:川菜,30.753919,103.924563,866.96,四川省,成都市,郫都区,510117,"美食,餐饮",tencent_map
3034351533773109917,兰州牛肉面(科大店),四川省成都市郫都区天润路495号,美食:清真,30.754055,103.924683,867.48,四川省,成都市,郫都区,510117,"快餐,美食,餐饮",tencent_map
5327488388582087599,王氏干锅王,四川省成都市郫都区龙湖成都时代天街,美食:小吃快餐,30.753892,103.924527,867.83,四川省,成都市,郫都区,510117,快餐,tencent_map
14170107367122280527,掌门土豆(时代天街店),四川省成都市郫都区合作路89号23幢1层30号,美食:小吃快餐,30.754088,103.924705,868.19,四川省,成都市,郫都区,510117,"快餐,美食,餐饮",tencent_map
18108781755487807117,沙县小吃(龙湖·时代天街店),四川省成都市郫都区电子科技大学清水河校区西门西南280米,美食:小吃快餐,30.753729,103.924364,869.35,四川省,成都市,郫都区,510117,"快餐,美食,餐饮",tencent_map
9590973507640633466,杨三姐重庆小面(龙湖时代天街店),四川省成都市郫都区天润路455号,美食:小吃快餐,30.753664,103.924307,869.52,四川省,成都市,郫都区,510117,"快餐,美食,餐饮",tencent_map
3282106115179381466,甜乐颂多料自选千层(龙湖时代天街店),四川省成都市郫都区合作街道天润路479号,美食:面包甜点,30.753955,103.92456,869.66,四川省,成都市,郫都区,510117,"美食,餐饮",tencent_map
13230105314577938258,周曹氏鸭脖(老电子科大店),四川省成都市郫都区成都高新区合作路89号23幢1层18号,美食:小吃快餐,30.754118,103.924705,870.32,四川省,成都市,郫都区,510117,"快餐,美食,餐饮",tencent_map
13384639399096582048,世纪大酒店(西源大道店),四川省成都市郫都区合作街道顺清街18号顺江小区农贸市场3层,美食:中餐厅:其它中餐厅,30.741987,103.927922,871.5,四川省,成都市,郫都区,510117,"美食,餐饮",tencent_map
14172078347408697883,高新区快乐星食品店,四川省成都市郫都区电子科技大学(清水河校区)友盟电脑(电子科大店),美食:小吃快餐,30.756753,103.929688,871.85,四川省,成都市,郫都区,510117,"快餐,美食,餐饮",tencent_map
1621614662090265404,蜜雪冰城,四川省成都市郫都区合顺路与天润路交叉口东南方向165米左右,美食:冷饮店,30.756757,103.929704,871.95,四川省,成都市,郫都区,510117,"奶茶,美食,餐饮",tencent_map
12450543778055072221,小蛮螺螺蛳粉(时代天街店),四川省成都市郫都区成都高新区合作路89号23栋1层附147号,美食:小吃快餐,30.753457,103.924109,872,四川省,成都市,郫都区,510117,快餐,tencent_map
1084651233090071763,周记盅盅面,四川省成都市郫都区电子科技大学(清水河校区)顺江社区,美食:小吃快餐,30.741881,103.928189,872.12,四川省,成都市,郫都区,510117,"快餐,美食,餐饮",tencent_map
14018544732590317215,烂摊摊炭火烧烤,四川省成都市郫都区西源大道1007,美食:烧烤,30.741873,103.92821,872.17,四川省,成都市,郫都区,510117,"美食,餐饮",tencent_map
18311958588076140558,正宗旺苍酸辣粉(龙湖时代天街店),四川省成都市郫都区天润路501号附1号(书亦烧仙草隔壁),美食:小吃快餐,30.754179,103.924694,875.49,四川省,成都市,郫都区,510117,"快餐,美食,餐饮",tencent_map
13329338212309611565,味小面(电子科技大学店),四川省成都市郫都区合作街道库迪咖啡(电子科技大学清水河校区店)电子科技大学清水河校区,美食:小吃快餐,30.756807,103.929778,875.88,四川省,成都市,郫都区,510117,"快餐,美食,餐饮",tencent_map
2891184330838069361,丁一鸣花雕醉鸡(电子科大店),四川省成都市郫都区合作路13号龙湖时代天街23栋1-25号,美食:特色中餐,30.754206,103.924705,876.63,四川省,成都市,郫都区,510117,"美食,餐饮",tencent_map
157155085693179900,磨合煎饼(饭团·烤冷面·科大店),四川省成都市郫都区合作街道西源大道2006号电子科技大学清水河校区商业街1FB座104B号,美食:小吃快餐,30.756885,103.929974,880.67,四川省,成都市,郫都区,510117,"快餐,美食,餐饮",tencent_map
490985356124655375,科创餐厅,四川省成都市郫都区合作街道西源大道电子科技大学(清水河校区),美食:中餐厅:其它中餐厅,30.747202,103.922746,882.1,四川省,成都市,郫都区,510117,"美食,餐饮",tencent_map
14058880525651325284,王不了李鲜牛肉碳火烤串(三分店),四川省成都市郫都区西源大道1065号,美食:烧烤,30.742188,103.927203,882.55,四川省,成都市,郫都区,510117,"美食,餐饮",tencent_map
6420700050350144511,憨憨牛杂火锅,四川省成都市郫都区西源大道1069号,美食:火锅,30.74219,103.927196,882.68,四川省,成都市,郫都区,510117,"美食,餐饮",tencent_map
16429636723593558123,允酱·炸鸡专门店(电子科大店),四川省成都市郫都区电子科技大学(清水河校区)B座03号,美食:小吃快餐,30.756927,103.929948,885.73,四川省,成都市,郫都区,510117,"快餐,美食,餐饮",tencent_map
3638695220043401896,霸王茶姬(龙湖时代天街店),四川省成都市郫都区合作路89号龙湖时代天街B馆1F-21B,美食:冷饮店,30.752745,103.923443,886.87,四川省,成都市,郫都区,510117,"奶茶,美食,餐饮",tencent_map
3945534686949392189,全家福餐厅(天润路店),四川省成都市郫都区西源大道2006号电子科技大学清水河校区商业街1层7号,美食:小吃快餐,30.75687,103.929444,889.92,四川省,成都市,郫都区,510117,"快餐,美食,餐饮",tencent_map
2451639509328941418,燃情花雕醉鸡(电子科大店),四川省成都市郫都区高新区合作路89号23栋1层附149号,美食:特色中餐,30.753422,103.923856,890.14,四川省,成都市,郫都区,510117,"美食,餐饮",tencent_map
84165160570661728,陈二哥跷脚牛肉(顺江小区店),四川省成都市郫都区西源大道1223号电子科大体育馆斜对门,美食:小吃快餐,30.742436,103.926527,892.67,四川省,成都市,郫都区,510117,"快餐,美食,餐饮",tencent_map
14881267332231999429,文记鲜货烧烤铺,四川省成都市郫都区合作街道西源大道1217号附2号1层,美食:中餐厅:川菜,30.742467,103.926442,894.34,四川省,成都市,郫都区,510117,"美食,餐饮",tencent_map
11738112313027323800,温姐烤五花,四川省成都市郫都区西源大道1105,美食:烧烤,30.742478,103.92641,895.05,四川省,成都市,郫都区,510117,"美食,餐饮",tencent_map
3719452747736354743,汉江里炸鸡(龙湖时代天街店),四川省成都市郫都区成都龙湖时代天街23栋1-16号,美食:小吃快餐,30.754128,103.92438,895.13,四川省,成都市,郫都区,510117,"快餐,美食,餐饮",tencent_map
8053223155478138402,富顺豆花鱼(顺江店),四川省成都市郫都区合作街道西源大道1221号(科大南门口),美食:火锅,30.742495,103.926365,895.93,四川省,成都市,郫都区,510117,"美食,餐饮",tencent_map
9423555972308509184,螺阿哥柳州骨汤螺蛳粉(龙湖天街店),四川省成都市郫都区天欣路122号附109号1楼,美食:小吃快餐,30.75435,103.924582,895.98,四川省,成都市,郫都区,510117,"快餐,美食,餐饮",tencent_map
1454378019488033849,赛百味SUBWAY(龙湖时代天街店),四川省成都市郫都区合作路89号龙湖时代天街购物中心B馆1-C25号,美食:小吃快餐,30.752545,103.92322,896.2,四川省,成都市,郫都区,510117,"快餐,美食,餐饮",tencent_map
10451908236837010322,强哥坝坝烧烤(西城学府公寓店),四川省成都市郫都区合作街道西源大道1171号西城学府公寓,美食:烧烤,30.742522,103.92629,897.58,四川省,成都市,郫都区,510117,"美食,餐饮",tencent_map
2698430147717334878,梁姐姐美蛙鱼府(西城学府公寓店),四川省成都市郫都区西源大道1171号西城学府公寓,美食:火锅,30.742531,103.926266,898.09,四川省,成都市,郫都区,510117,"美食,餐饮",tencent_map
3420788914889823316,帝螺香螺蛳粉成都龙湖店,四川省成都市郫都区成都高新区合作路89号19号路23栋一层22号,美食:小吃快餐,30.754365,103.924561,898.59,四川省,成都市,郫都区,510117,"快餐,米线,美食,餐饮",tencent_map
12838129257886746915,灌县老妈砂锅串串香(高新西区店),四川省成都市郫都区合作街道西源大道1171号,美食:火锅,30.74255,103.926215,899.2,四川省,成都市,郫都区,510117,"美食,餐饮",tencent_map
9536014593685835095,川香菜馆(龙湖时代天街店),四川省成都市郫都区龙湖成都时代天街,美食:小吃快餐,30.753432,103.923733,900.67,四川省,成都市,郫都区,510117,"快餐,美食,餐饮",tencent_map
17792390209421468226,老汤和·乌鸡米线(龙湖时代天街店),四川省成都市郫都区西园街道龙湖成都时代天街B馆负一层11号,美食:小吃快餐,30.752406,103.923081,901.85,四川省,成都市,郫都区,510117,"快餐,米线,美食,餐饮",tencent_map
14799586318223023549,楚山牛炒饭铺(龙湖时代天街店),四川省成都市郫都区龙湖时代天街,美食:小吃快餐,30.753397,103.923683,902.65,四川省,成都市,郫都区,510117,"快餐,美食,餐饮",tencent_map
9222463648677546126,喜茶(成都龙湖时代天街店),四川省成都市郫都区合作路89号龙湖时代天街B-1F-21a,美食:冷饮店,30.752889,103.923326,904.19,四川省,成都市,郫都区,510117,"奶茶,美食,餐饮",tencent_map
4164734611572057115,北村韩屋韩式炸鸡(龙湖时代天街店),四川省成都市郫都区合作路17号,美食:小吃快餐,30.754373,103.924411,910.11,四川省,成都市,郫都区,510117,"快餐,美食,餐饮",tencent_map
2857175048849356635,焰爸爸烤肉自助,四川省成都市郫都区天润路龙湖天街B馆4楼海底捞对面,美食:自助餐,30.752853,103.923227,910.75,四川省,成都市,郫都区,510117,"美食,餐饮",tencent_map
2044610400091881106,望丛釜老火锅(西城学府公寓店),四川省成都市郫都区合作街道清源北巷68号1栋2单元6号,美食:火锅,30.742044,103.926847,913.4,四川省,成都市,郫都区,510117,"美食,餐饮",tencent_map
5710249509176999518,烤匠麻辣烤鱼(郫都电子科大店),四川省成都市郫都区合作路89号龙湖时代天街2期24栋B馆4层27-28号,美食:烧烤,30.752328,103.922906,913.74,四川省,成都市,郫都区,510117,"美食,餐饮",tencent_map
1115830272955698894,漓江韵桂林米粉,四川省成都市郫都区高新区合作路89号24栋一层附126号,美食:小吃快餐,30.753056,103.923269,917.77,四川省,成都市,郫都区,510117,"快餐,米线,美食,餐饮",tencent_map
3697982302982052756,煳辣壳抄手面,四川省成都市郫都区西园街道合作路89号龙湖时代天街23-1-53号,美食:小吃快餐,30.753517,103.923578,918.26,四川省,成都市,郫都区,510117,"快餐,美食,餐饮",tencent_map
16096307827871236847,9丫9烘焙鲜工厂(电子科技大学店),四川省成都市郫都区合作路89号龙湖时代天街23栋一层附153号,美食:面包甜点,30.753501,103.923555,919.17,四川省,成都市,郫都区,510117,"美食,餐饮",tencent_map
10655374016681654558,鸡兔火锅(西城学府公寓店),四川省成都市郫都区清源环街与西源大道交叉口东南方向117米左右,美食:火锅,30.742197,103.926436,919.67,四川省,成都市,郫都区,510117,"美食,餐饮",tencent_map
6493289868799185239,CoCo都可(龙湖时代天街店),四川省成都市郫都区合作路89号24栋B馆-B1-C11d,美食:冷饮店,30.752223,103.922765,921.71,四川省,成都市,郫都区,510117,"奶茶,美食,餐饮",tencent_map
1691901496502281474,时肆烘焙,四川省成都市郫都区合作路25号23-1-19,美食:面包甜点,30.754453,103.92433,921.77,四川省,成都市,郫都区,510117,"美食,餐饮",tencent_map
16746403417975899966,淘蛙(成都龙湖时代天街店),四川省成都市郫都区天润路与水杉路交叉口正西方向91米左右,美食:小吃快餐,30.752325,103.922799,923.03,四川省,成都市,郫都区,510117,"快餐,美食,餐饮",tencent_map
16874107311386155875,刘小亮东北铁锅炖(龙湖时代天街店),四川省成都市郫都区合作路89号龙湖时代天街商场B馆4F14-15号,美食:中餐厅:东北菜,30.752162,103.922713,923.81,四川省,成都市,郫都区,510117,餐饮,tencent_map
3429951915585037939,乡村基(龙湖天润路店),四川省成都市郫都区龙湖时代天街负一楼,美食:小吃快餐,30.752482,103.922869,923.82,四川省,成都市,郫都区,510117,"快餐,餐饮",tencent_map
10236128027743966110,盘尼西林-杭桃里(龙湖时代天街店),四川省成都市郫都区合作路89号23幢1层18号,美食:西餐:其它西餐,30.754492,103.924335,924.22,四川省,成都市,郫都区,510117,餐饮,tencent_map
2773852549728311846,必胜客(高新时代店),四川省成都市郫都区高新西区合作路89号24栋B馆-1F,美食:西餐:比萨,30.752941,103.923119,924.42,四川省,成都市,郫都区,510117,"快餐,餐饮",tencent_map
17803157788184115058,鼓楼火瓢·云贵酸汤(龙湖时代天街店),四川省成都市郫都区龙湖时代天街b馆4楼,美食:中餐厅:云贵菜,30.752357,103.922794,924.86,四川省,成都市,郫都区,510117,餐饮,tencent_map
17176366379518405853,C98汉堡(龙湖时代天街店),四川省成都市郫都区龙湖成都时代天街B馆负1楼,美食:小吃快餐,30.752354,103.922791,924.99,四川省,成都市,郫都区,510117,"快餐,餐饮",tencent_map
13409118930894708590,徽味包点(电子科技大学店),四川省成都市郫都区电子科技大学清水河校区南门南120米,美食:中餐厅:安徽菜,30.742876,103.925293,925.8,四川省,成都市,郫都区,510117,"快餐,餐饮",tencent_map
2110824667659797136,壹号烤点,四川省成都市郫都区合作街道西源大道1147号,美食:烧烤,30.742876,103.925292,925.86,四川省,成都市,郫都区,510117,餐饮,tencent_map
13062493474515424737,曹氏鸭脖,四川省成都市郫都区合作街道清源北巷68号清竹苑商铺,美食:小吃快餐,30.741887,103.926885,926.69,四川省,成都市,郫都区,510117,"快餐,餐饮",tencent_map
8499730590415920059,炉里香.北京烤鸭(时代天街店),四川省成都市郫都区合作路89号(时代天街B馆4楼),美食:中餐厅:其它中餐厅,30.752161,103.922679,926.79,四川省,成都市,郫都区,510117,餐饮,tencent_map
12851557708824934990,海底捞火锅(龙湖时代天街店),"四川省成都市郫都区合作路89号24栋B馆-4F-24,B馆-4F-25a",美食:火锅,30.752191,103.922681,927.84,四川省,成都市,郫都区,510117,餐饮,tencent_map
15328231765360322894,秦云老太婆摊摊面(西源大道店),四川省成都市郫都区合作街道西源大道1277号附103号,美食:小吃快餐,30.742906,103.925217,928.14,四川省,成都市,郫都区,510117,"快餐,米线,餐饮",tencent_map
3493012746478635716,一只酸奶牛(郫都龙湖时代天街店),四川省成都市郫都区天润路与水杉路交叉口正西方向94米左右,美食:冷饮店,30.752443,103.92279,928.99,四川省,成都市,郫都区,510117,餐饮,tencent_map
13422965798937893601,啫小小瓦香鸡米饭(龙湖时代天街店),四川省成都市郫都区合作路89号,美食:小吃快餐,30.753303,103.923288,929.66,四川省,成都市,郫都区,510117,"快餐,餐饮",tencent_map
4763431371623620568,边嬢嬢广元米凉面(龙湖时代天街店),四川省成都市郫都区合作路89号龙湖时代天街24栋附124号,美食:小吃快餐,30.753423,103.923366,930.03,四川省,成都市,郫都区,510117,"快餐,米线,餐饮",tencent_map
15710457544480685333,锦熙印象酒楼,四川省成都市郫都区合作街道西源大道1101号,美食:中餐厅:川菜,30.740795,103.930761,930.26,四川省,成都市,郫都区,510117,餐饮,tencent_map
10263451749412646903,大西北美食西域资格烤肉(清真),四川省成都市郫都区西源大道1277号-1号,美食:清真,30.742935,103.925143,930.49,四川省,成都市,郫都区,510117,餐饮,tencent_map
10967440924874143797,旺角清源饭店,四川省成都市郫都区清源环街11号附1号-附6号,美食:中餐厅:东北菜,30.742255,103.926093,932.73,四川省,成都市,郫都区,510117,餐饮,tencent_map
12906477816852081595,书亦烧仙草(电子科大南门店),四川省成都市郫都区合作街道西源大道1227号附21号,美食:冷饮店,30.742965,103.925068,932.88,四川省,成都市,郫都区,510117,"奶茶,餐饮",tencent_map
1368470864112500558,蜜雪冰城(电子科大清水河校区南门店),四川省成都市郫都区合作街道西源大道顺江商业广场1-3层3-3号,美食:冷饮店,30.742975,103.925038,934.02,四川省,成都市,郫都区,510117,"奶茶,餐饮",tencent_map
3261196049600028887,小南姜酸汤小火锅(龙湖时代天街店),四川省成都市郫都区高新区合作路89号24栋B馆-B1-11e号,美食:火锅,30.752415,103.922708,934.96,四川省,成都市,郫都区,510117,餐饮,tencent_map
15734494567756301184,醉岛烘焙(龙湖时代天街店),四川省成都市郫都区天润路龙湖时代天街,美食:面包甜点,30.753019,103.923026,936.33,四川省,成都市,郫都区,510117,餐饮,tencent_map
3229291008267369798,小王鲜炒湘味下饭菜,四川省成都市郫都区合作路89号24栋附131号,美食:中餐厅:湘菜,30.752976,103.922988,937.34,四川省,成都市,郫都区,510117,餐饮,tencent_map
1615512062894462657,禧记碳炉牛杂煲(龙湖时代天街店),四川省成都市郫都区天骄路与时代东环路交叉口正南方向85米左右,美食:火锅,30.753314,103.923198,937.72,四川省,成都市,郫都区,510117,餐饮,tencent_map
5323714578013344841,禾川牛肉饭(龙湖时代天街店),四川省成都市郫都区合作路89号龙湖时代天街B馆B1-11g号,美食:小吃快餐,30.752556,103.922745,938.01,四川省,成都市,郫都区,510117,"快餐,餐饮",tencent_map
5014748481254917886,沪上阿姨·精选茶饮(龙湖时代天街A馆2号门旁),四川省成都市郫都区合作路89号16栋A馆-1-21C号,美食:冷饮店,30.751792,103.922395,938.27,四川省,成都市,郫都区,510117,"奶茶,餐饮",tencent_map
18342265724673125004,肯德基(龙湖时代天街店),四川省成都市郫都区高新西区合作路89号龙湖时代天街F1,美食:小吃快餐,30.751352,103.922234,938.72,四川省,成都市,郫都区,510117,"快餐,餐饮",tencent_map
10886825552682971633,蜀冷匠老妈兔头总店(龙湖时代天街店),四川省成都市郫都区合作路89号24栋附122号,美食:小吃快餐,30.753349,103.923202,939.34,四川省,成都市,郫都区,510117,"快餐,餐饮",tencent_map
2140621594609065805,霸碗盖码饭(成都龙湖时代天街店),四川省成都市郫都区合作路89号龙湖时代天街B馆B1-11d,美食:小吃快餐,30.752918,103.92292,940.2,四川省,成都市,郫都区,510117,"快餐,餐饮",tencent_map
8581308768301054932,何板板·老成都板凳面(龙湖时代天街店),四川省成都市郫都区合作路89号23栋1层附160号,美食:小吃快餐,30.753735,103.923465,940.47,四川省,成都市,郫都区,510117,"快餐,餐饮",tencent_map
8212447597521635947,荆州生烤鸡,四川省成都市郫都区合作街道成都高新区西源大道1199号附1号1层102号,美食:其它美食,30.743267,103.924596,940.57,四川省,成都市,郫都区,510117,餐饮,tencent_map
11160297733850746511,肯德基车速取餐点(高新时代店),四川省成都市郫都区合作路89号16楼1层1号,美食:小吃快餐,30.751425,103.922237,940.63,四川省,成都市,郫都区,510117,"快餐,餐饮",tencent_map
5410473208515593812,好利来(龙湖时代天街店),四川省成都市郫都区合作路89号16栋A馆-1-23b号,美食:面包甜点,30.751818,103.922378,940.74,四川省,成都市,郫都区,510117,餐饮,tencent_map
9027023780852116527,福缘饭店(顺江店),四川省成都市郫都区合作街道顺江商业广场1层3号(电子科技大学对面),美食:中餐厅:其它中餐厅,30.74306,103.924828,941.04,四川省,成都市,郫都区,510117,餐饮,tencent_map
7034381242851281897,李若桃·手作酸奶铺(龙湖时代天街店),四川省成都市郫都区龙湖时代天街李山山茶事旁(近3号门),美食:冷饮店,30.75182,103.922363,942.17,四川省,成都市,郫都区,510117,餐饮,tencent_map
1751283342073980233,周小渔重庆豆花纸包鱼(龙湖时代天街店),四川省成都市郫都区合作街道合作路龙湖时代天街24栋商业1楼18号,美食:中餐厅:其它中餐厅,30.753497,103.923256,943.29,四川省,成都市,郫都区,510117,餐饮,tencent_map
1972218793910179757,BABEJO'S贝贝乔意面(龙湖时代天街店),四川省成都市郫都区合作路89号龙湖成都时代天街A馆3层16号,美食:西餐:意大利菜,30.751359,103.922183,943.63,四川省,成都市,郫都区,510117,"快餐,餐饮",tencent_map
9516182735024664700,绿茶餐厅(成都龙湖时代天街店),四川省成都市郫都区合作路89号16栋A馆-4-05号,美食:中餐厅:浙江菜,30.75129,103.92216,943.75,四川省,成都市,郫都区,510117,餐饮,tencent_map
13104486823603800121,斗鸣鸡公煲(龙湖时代天街店),四川省成都市郫都区龙湖时代天街b馆负一层B1-11j号,美食:小吃快餐,30.752589,103.922694,943.96,四川省,成都市,郫都区,510117,"快餐,餐饮",tencent_map
16750641770490702562,茶百道(科大南门店),四川省成都市郫都区合作街道西源大道1173号,美食:冷饮店,30.743081,103.924759,943.99,四川省,成都市,郫都区,510117,"奶茶,餐饮",tencent_map
2137795592320009758,李掌柜刀削面,四川省成都市郫都区合作路89号龙湖时代天街23栋附156,美食:小吃快餐,30.753465,103.923218,944.57,四川省,成都市,郫都区,510117,快餐,tencent_map
8609328191897132697,云阿蛮云南生烫牛肉米线,四川省成都市郫都区高新区合作路89号龙湖时代天街B馆B1-111,美食:小吃快餐,30.752814,103.922799,945.45,四川省,成都市,郫都区,510117,"快餐,米线",tencent_map
18138295703662203256,年俗里冰糖葫芦(龙湖成都时代天街店),四川省成都市郫都区合作路89号龙湖成都时代天街F3层,美食:小吃快餐,30.752151,103.922462,945.74,四川省,成都市,郫都区,510117,快餐,tencent_map
2497943915241772766,麦当劳(郫都区天润路餐厅店),四川省成都市郫都区天润路龙湖时代天街b馆1楼(3号门进),美食:小吃快餐,30.7519,103.922341,947.04,四川省,成都市,郫都区,510117,快餐,tencent_map
35525477434983648,滇百年·云南小锅米线(龙湖时代天街店),四川省成都市郫都区合作路89号龙湖时代天街负B馆-B1-09b号,美食:小吃快餐,30.751978,103.92237,947.31,四川省,成都市,郫都区,510117,"快餐,米线",tencent_map
13463108439851967874,擂饭(成都郫都龙湖时代天街店),四川省成都市郫都区高新区合作路89号龙湖时代天街B馆11f,美食:小吃快餐,30.752883,103.922808,948.05,四川省,成都市,郫都区,510117,快餐,tencent_map
4595637464459459478,城里尘外美食城,四川省成都市郫都区合作街道西源大道1177号,美食:小吃快餐,30.743045,103.924739,948.19,四川省,成都市,郫都区,510117,快餐,tencent_map
5288699709895970548,塔斯汀中国汉堡(郫都电子科技大学店),四川省成都市郫都区合作街道西源大道1277号附1号28号1171号商铺,美食:小吃快餐,30.743115,103.924644,949.09,四川省,成都市,郫都区,510117,快餐,tencent_map
12886961462067095014,书亦烧仙草(电子科大校外店),四川省成都市郫都区西源大道1199号1层11号,美食:冷饮店,30.743162,103.924525,953.57,四川省,成都市,郫都区,510117,奶茶,tencent_map
5457447350206033682,宝堰张醪糟,四川省成都市郫都区合作路89号23栋附163,美食:小吃快餐,30.753896,103.923416,954.28,四川省,成都市,郫都区,510117,"快餐,饺子",tencent_map
2338721740863446019,彭友记粉铺,四川省成都市郫都区龙湖时代天街24栋1楼16号(周小渔纸包豆花鱼旁),美食:小吃快餐,30.753495,103.923118,954.5,四川省,成都市,郫都区,510117,"快餐,米线",tencent_map
940115548122743865,姜鸭面·猪脚饭,四川省成都市郫都区红旗宾馆(西源大道电子科大店),美食:小吃快餐,30.743432,103.924215,954.96,四川省,成都市,郫都区,510117,快餐,tencent_map
5233700532427042181,白螺湾螺蛳粉(龙湖时代天街店),四川省成都市郫都区龙湖时代天街24栋113号,美食:小吃快餐,30.753493,103.923101,955.79,四川省,成都市,郫都区,510117,"快餐,米线",tencent_map
11529975741670745355,胖哥俩肉蟹煲(成都郫都龙湖时代天街店),四川省成都市郫都区合作路89号24栋B馆-4F-09-B馆-4F-10号,美食:中餐厅:其它中餐厅,30.751552,103.922105,956.7,四川省,成都市,郫都区,510117,快餐,tencent_map
8422236244122161783,冯记老麻抄手(西源大道店),四川省成都市郫都区合作街道西源大道1191号(电子科技大学南门对面书亦烧仙草旁),美食:小吃快餐,30.743188,103.924439,957.51,四川省,成都市,郫都区,510117,"快餐,米线",tencent_map
12377868727621820991,南部火锅粉(龙湖时代天街店),四川省成都市郫都区合作路89号23栋一层附161,美食:小吃快餐,30.753944,103.923401,958.46,四川省,成都市,郫都区,510117,快餐,tencent_map
6939958717034605541,茶话弄(成都龙湖时代天街店),四川省成都市郫都区高新西区合作路89号龙湖时代天街F1,美食:冷饮店,30.751583,103.922096,958.51,四川省,成都市,郫都区,510117,奶茶,tencent_map
1210868913147168090,曹氏鸭脖(电子科大西二门直营店),四川省成都市郫都区合作路89号24栋1层附115号,美食:小吃快餐,30.75349,103.923065,958.58,四川省,成都市,郫都区,510117,快餐,tencent_map
3731102050028697476,一之螺·螺蛳粉(成都龙湖时代天街店),四川省成都市郫都区合作路89号龙湖时代天街24栋附112号,美食:小吃快餐,30.753446,103.923028,959.16,四川省,成都市,郫都区,510117,"快餐,米线",tencent_map
4887510966450725620,思客sike鲜拌面(龙湖时代天街店),四川省成都市郫都区天润路龙湖时代天街24栋1楼34号,美食:小吃快餐,30.753242,103.922886,959.85,四川省,成都市,郫都区,510117,"快餐,饺子",tencent_map
15322795263749955977,彩红串串香,四川省成都市郫都区清源环街与西源大道交叉口正西方向119米左右,美食:小吃快餐,30.743212,103.924362,961.04,四川省,成都市,郫都区,510117,快餐,tencent_map
1156715886681573693,川口燃面馆,四川省成都市郫都区成都高新区合作路89号23幢1层65号,美食:小吃快餐,30.754143,103.923523,961.55,四川省,成都市,郫都区,510117,快餐,tencent_map
10916393840195046743,胡包子·破酥包,四川省成都市郫都区龙湖时代天街23栋附111,美食:小吃快餐,30.754558,103.923889,961.73,四川省,成都市,郫都区,510117,快餐,tencent_map
4907450898146688829,王春春鸡汤饭龙湖时代天街店,四川省成都市郫都区合作路89号龙湖时代天街B馆B1-08号,美食:小吃快餐,30.752395,103.922392,961.98,四川省,成都市,郫都区,510117,快餐,tencent_map
8805495370261206228,陆幺妹川卤现捞,四川省成都市郫都区合作路89号23栋1层附166号,美食:小吃快餐,30.754074,103.923455,962.41,四川省,成都市,郫都区,510117,快餐,tencent_map
9274174311409224045,肖蘸罐罐米线时代天街店,四川省成都市郫都区合作路89号龙湖时代天街24栋附111号,美食:小吃快餐,30.753392,103.922952,962.46,四川省,成都市,郫都区,510117,"快餐,米线",tencent_map
7066261091099020963,三米粥铺(龙湖成都时代天街店),四川省成都市郫都区龙湖时代天街合作路89号23栋附162,美食:小吃快餐,30.753986,103.923378,962.9,四川省,成都市,郫都区,510117,快餐,tencent_map
13647127315362552859,羊洋羊攀枝花羊肉米线(龙湖时代天街店),四川省成都市郫都区西园街道龙湖时代天街合作路89号24栋1楼附35号,美食:小吃快餐,30.753235,103.922844,963,四川省,成都市,郫都区,510117,"快餐,米线",tencent_map
1807939564306710094,黑眼熊寿司郫都龙湖时代天街店,四川省成都市郫都区合作路89号龙湖时代天街24栋29,美食:小吃快餐,30.751622,103.922038,965.07,四川省,成都市,郫都区,510117,快餐,tencent_map
17628204556103719759,阿玥家牛腩面铺,四川省成都市郫都区合作路47号,美食:小吃快餐,30.754735,103.92401,965.42,四川省,成都市,郫都区,510117,快餐,tencent_map
14808979016601347349,沙县小吃电子科大南门店,四川省成都市郫都区清源环街168号小区(西源大道南50米),美食:小吃快餐,30.743276,103.924217,966.4,四川省,成都市,郫都区,510117,快餐,tencent_map
11311539566068582061,花马肆云南米线(龙湖成都时代天街店),四川省成都市郫都区高新西区合作路89号龙湖时代天街F4,美食:小吃快餐,30.751064,103.921848,966.67,四川省,成都市,郫都区,510117,"快餐,米线",tencent_map
3260014944960007467,巴老冒豆花冒菜(西源大道店),四川省成都市郫都区合作街道西源大道199号1层1-9号,美食:小吃快餐,30.743164,103.924332,966.79,四川省,成都市,郫都区,510117,"冒菜,快餐",tencent_map
5743179228087247068,花临兰州牛肉面(龙湖时代天街店),四川省成都市郫都区西园街道合作路89号龙湖时代天街B馆负1层,美食:小吃快餐,30.752137,103.922211,967.66,四川省,成都市,郫都区,510117,快餐,tencent_map
12519531698525718856,食其家·牛丼咖喱(龙湖时代天街店),四川省成都市郫都区合作路89号龙湖成都时代天街B馆-B1-07号,美食:日韩菜:其它日韩菜,30.751925,103.92212,967.94,四川省,成都市,郫都区,510117,快餐,tencent_map
3049200723825572741,爷爷不泡茶 NOYEYENOTEA(成都龙湖时代天街店),四川省成都市郫都区合作路89号龙湖成都时代天街A馆1层1-23,美食:冷饮店,30.751571,103.921981,968.68,四川省,成都市,郫都区,510117,奶茶,tencent_map
13178437524164801079,宜味小食,四川省成都市郫都区合作街道清源环街1013号,美食:小吃快餐,30.742737,103.924799,968.99,四川省,成都市,郫都区,510117,快餐,tencent_map
16389706552066710051,汉堡王(龙湖时代天街店),四川省成都市郫都区合作路89号龙湖·成都时代天街1F14a号,美食:小吃快餐,30.752921,103.922583,969.24,四川省,成都市,郫都区,510117,快餐,tencent_map
2603944530764601145,军哥泡椒面电子科大店,四川省成都市郫都区西源大道1193号附3号,美食:小吃快餐,30.743136,103.92432,969.76,四川省,成都市,郫都区,510117,快餐,tencent_map
4343346838450119581,书亦烧仙草(龙湖天街店),四川省成都市郫都区合作路89号龙湖成都时代天街24栋1层104号商铺,美食:冷饮店,30.753393,103.922863,969.92,四川省,成都市,郫都区,510117,奶茶,tencent_map
14730866971801389219,重庆老麻抄手(郫都区店),四川省成都市郫都区合作街道西源大道1191号(电子科技大学南门对面书亦烧仙草旁),美食:小吃快餐,30.742747,103.92477,970.07,四川省,成都市,郫都区,510117,快餐,tencent_map
10101646042847915605,一醒·手工面·西北传统小吃(龙湖时代天街店),四川省成都市郫都区合作路龙湖时代天街B馆负一楼B1-05号,美食:小吃快餐,30.752101,103.922163,970.59,四川省,成都市,郫都区,510117,快餐,tencent_map
10977144861495757009,鱼满禾茄焖鱼米饭成都龙湖时代天街店,四川省成都市郫都区龙湖时代天街24幢107号,美食:其它美食,30.753321,103.922801,971.2,四川省,成都市,郫都区,510117,快餐,tencent_map
18302944072807624300,食巴嘴鲜拌面(科技大学店),四川省成都市郫都区合作街道西源大道1193附5号,美食:小吃快餐,30.743109,103.924308,972.66,四川省,成都市,郫都区,510117,快餐,tencent_map
15540696722118004789,天照小饭堂,四川省成都市郫都区龙湖时代天街二十栋附121号,美食:小吃快餐,30.753249,103.922725,973.76,四川省,成都市,郫都区,510117,快餐,tencent_map
11010239796965166225,袁记云饺(龙湖时代天街店),四川省成都市郫都区合作路89号龙湖时代天街B馆负一楼19号,美食:小吃快餐,30.752172,103.92214,975.39,四川省,成都市,郫都区,510117,"快餐,饺子",tencent_map
2751840972274308320,陈记富顺豆花,四川省成都市郫都区合作街道汇原山庄清江社区168号院,美食:小吃快餐,30.742758,103.92465,977.06,四川省,成都市,郫都区,510117,快餐,tencent_map
7646663431743966081,食汇小吃,四川省成都市郫都区清江社区168号院(西源大道南50米),美食:小吃快餐,30.742748,103.924631,979.12,四川省,成都市,郫都区,510117,快餐,tencent_map
13523225798507483778,真利来老面馆(中房·学府海棠店),四川省成都市郫都区合作街道天润路765号,美食:小吃快餐,30.75715,103.92752,979.73,四川省,成都市,郫都区,510117,"快餐,米线",tencent_map
8990508209590311102,达美乐比萨(龙湖成都时代天街店),四川省成都市郫都区龙湖时代天街B馆1F02A02B,美食:西餐:比萨,30.751822,103.92192,982.49,四川省,成都市,郫都区,510117,快餐,tencent_map
10751458461896042381,绵阳米粉(电子科技大学店),四川省成都市郫都区合作街道清源环街168号后门10号附23(干锅王对面),美食:小吃快餐,30.742829,103.924452,984.59,四川省,成都市,郫都区,510117,"快餐,米线",tencent_map
8164659341723676062,张亮麻辣烫(成都龙湖时代天街店),四川省成都市郫都区合作路89号龙湖时代天街1楼18幢1层24号,美食:小吃快餐,30.75178,103.921845,987.9,四川省,成都市,郫都区,510117,快餐,tencent_map
5013706393642168650,老砂锅(科大店),四川省成都市郫都区合作街道清源环街10号附21号,美食:小吃快餐,30.742854,103.924371,988.09,四川省,成都市,郫都区,510117,快餐,tencent_map
7679521045194605136,疆粉儿·新疆炒米粉(电子科大店),四川省成都市郫都区龙湖时代天街合作路89号22栋附155室,美食:小吃快餐,30.754845,103.923807,988.15,四川省,成都市,郫都区,510117,"快餐,米线",tencent_map
16791436294486394945,正宗羊马查渣面,四川省成都市郫都区合作街道清源环街181号,美食:小吃快餐,30.742122,103.925321,988.65,四川省,成都市,郫都区,510117,快餐,tencent_map
2433517611610518917,一之螺·螺蛳粉(电子科大店),四川省成都市郫都区合作街道清清江社区168号院(西源大道南70米),美食:小吃快餐,30.742828,103.924335,992.58,四川省,成都市,郫都区,510117,米线,tencent_map
1879611985083382851,不是外人干拌冒菜(高新西区店),四川省成都市郫都区高新西区清源环街10号附24号,美食:中餐厅:川菜,30.742885,103.924269,992.62,四川省,成都市,郫都区,510117,冒菜,tencent_map
13229725299228001405,兵立王鲜果茶·奶茶(龙湖时代天街店),四川省成都市郫都区西园街道合作路89号24栋1层附146号B馆-1F-CN-LL-01-11号(自编号),美食:冷饮店,30.751749,103.921781,992.72,四川省,成都市,郫都区,510117,奶茶,tencent_map
6665165501077738017,蜀云饺(龙湖时代天街店),四川省成都市郫都区合作路89号22栋附152号,美食:小吃快餐,30.754847,103.923708,995.55,四川省,成都市,郫都区,510117,"米线,饺子",tencent_map
10674674179601245527,元气饺子·鲜饺制造铺(时代天街店),四川省成都市郫都区合作路89号24栋2层附221号,美食:小吃快餐,30.751142,103.921547,996.68,四川省,成都市,郫都区,510117,饺子,tencent_map
3068822173308396539,奈雪的茶(龙湖时代天街店),四川省成都市郫都区高新西区合作路89号龙湖时代天街F1,美食:冷饮店,30.750702,103.92144,996.81,四川省,成都市,郫都区,510117,奶茶,tencent_map
15729182226400354908,不止鲜卤肉饭&冬阴功,四川省成都市郫都区合作路89号20栋1楼附28号,美食:小吃快餐,30.75361,103.922567,1006.48,四川省,成都市,郫都区,510117,米线,tencent_map
9240007961230041192,重庆特色牛蹄筋面,四川省成都市郫都区合作街道清源环街10号附34号,美食:小吃快餐,30.743007,103.92387,1011.11,四川省,成都市,郫都区,510117,米线,tencent_map
723328566056169712,北方饺子馆科大南门店,四川省成都市郫都区合作街道清源环街10号附33号,美食:小吃快餐,30.742947,103.923927,1011.6,四川省,成都市,郫都区,510117,"米线,饺子",tencent_map
2136041713949181307,古茗(龙湖成都时代天街店),四川省成都市郫都区龙湖时代天街16栋A馆-5-04古茗茶饮,美食:冷饮店,30.751436,103.921439,1014.59,四川省,成都市,郫都区,510117,奶茶,tencent_map
2411587180451561952,胡乐品茗简餐(龙湖时代天街店),四川省成都市郫都区合作路89号龙湖时代天街F4,美食:茶餐厅,30.753417,103.922247,1022.91,四川省,成都市,郫都区,510117,轻食,tencent_map
5318716941301057292,五姐面馆(高新西区·顺清街店),四川省成都市郫都区合作街道清源北巷18号(顺江小区旁),美食:小吃快餐,30.740804,103.927099,1024.12,四川省,成都市,郫都区,510117,米线,tencent_map
6060008375418306907,东北灵芝饺子馆(龙湖时代天街店),四川省成都市郫都区合作路89号20栋附105号,美食:小吃快餐,30.752872,103.921896,1026.51,四川省,成都市,郫都区,510117,饺子,tencent_map
6104829414116060478,巴蜀·火锅冒菜(清桂苑店),四川省成都市郫都区合作街道清源北巷103号,美食:中餐厅:川菜,30.741318,103.925878,1030.83,四川省,成都市,郫都区,510117,冒菜,tencent_map
960396512968485866,蜜雪冰城(龙湖时代天街集装箱店),四川省成都市郫都区合作路89号龙湖时代天街肆悦音乐街区A5商铺,美食:冷饮店,30.751732,103.92135,1031.65,四川省,成都市,郫都区,510117,奶茶,tencent_map
6082468370163314181,懒的爽冒菜(清桂苑店),四川省成都市郫都区清源北巷107号原来大懒人冒菜旁边,美食:小吃快餐,30.741382,103.925699,1034.24,四川省,成都市,郫都区,510117,冒菜,tencent_map
7001411078000282011,巴老冒豆花冒菜时代天街店,四川省成都市郫都区龙湖成都时代天街(时代东环路),美食:小吃快餐,30.7525,103.921582,1038.27,四川省,成都市,郫都区,510117,冒菜,tencent_map
17945737349498580665,不是外人干拌冒菜(龙湖时代天街店),四川省成都市郫都区合作路89号19栋附103号,美食:小吃快餐,30.752128,103.921304,1049.13,四川省,成都市,郫都区,510117,冒菜,tencent_map
1698965260055781950,小龙门原味火锅冒菜(合作路店),四川省成都市郫都区合作路89号21栋一层114号,美食:火锅,30.754393,103.922535,1055.09,四川省,成都市,郫都区,510117,冒菜,tencent_map
2442228288760209264,鹿鼎寨牛肉面(龙湖天街总店),四川省成都市郫都区天骄路58号附122号1楼,美食:小吃快餐,30.751856,103.921059,1062.26,四川省,成都市,郫都区,510117,米线,tencent_map
6644504477098210161,八度烤·云南菜·傣味烧烤包烧(龙湖时代天街店),四川省成都市郫都区合作路89号龙湖时代天街22栋1楼39号,美食:烧烤,30.755342,103.923222,1066.63,四川省,成都市,郫都区,510117,米线,tencent_map
13809630361046653861,木桑森林轻食健身沙拉(时代天街店),四川省成都市郫都区合作路89号2栋1层附106号,美食:小吃快餐,30.752867,103.921395,1070.24,四川省,成都市,郫都区,510117,轻食,tencent_map
2014983739678203913,八桂唐记柳州螺蛳粉(高新店),四川省成都市郫都区合作路89号21栋1层附113号,美食:小吃快餐,30.754326,103.922276,1071.7,四川省,成都市,郫都区,510117,米线,tencent_map
17206945698757799262,品香源砂锅米线(龙湖店),四川省成都市郫都区龙湖时代天街18栋-34,美食:小吃快餐,30.751995,103.920992,1072.93,四川省,成都市,郫都区,510117,米线,tencent_map
3054816034472530779,马加场肥肠粉,四川省成都市郫都区西园街道高新区合作路89号3栋108号(点妈手工饺子对面),美食:小吃快餐,30.752813,103.921312,1075.24,四川省,成都市,郫都区,510117,米线,tencent_map
15295118051119960208,曾三仙米线(电子科大店),四川省成都市郫都区成都高新区合作路73号1层(龙湖时代天街22栋1楼40号),美食:小吃快餐,30.755386,103.923138,1075.92,四川省,成都市,郫都区,510117,米线,tencent_map
5633398479914443071,菊花过桥米线,四川省成都市郫都区龙湖成都时代天街,美食:小吃快餐,30.752001,103.920852,1085.91,四川省,成都市,郫都区,510117,米线,tencent_map
7590857474876856780,千客拉面,四川省成都市郫都区合作路89号龙湖成都时代天街F1,美食:小吃快餐,30.755372,103.922956,1088.23,四川省,成都市,郫都区,510117,米线,tencent_map
13296601345275495446,吴大肉老面馆(顺江小区店),四川省成都市郫都区合作街道顺清街165号,美食:中餐厅:其它中餐厅,30.740097,103.927262,1089.56,四川省,成都市,郫都区,510117,米线,tencent_map
11274509685945267208,点妈手工饺子(龙湖成都时代天街店),四川省成都市郫都区合作路89号龙湖时代天街19栋1层附116号,美食:小吃快餐,30.75311,103.921203,1097.85,四川省,成都市,郫都区,510117,饺子,tencent_map
8268951396523150524,书亦烧仙草(龙湖时代天街步行街店),四川省成都市郫都区合信路64号附103号1楼,美食:冷饮店,30.751605,103.920548,1101.81,四川省,成都市,郫都区,510117,奶茶,tencent_map
1783472416175384639,东北饺子家常菜,四川省成都市郫都区合信路64号104,美食:中餐厅:东北菜,30.751538,103.920523,1102.28,四川省,成都市,郫都区,510117,饺子,tencent_map
11910469919845567309,蜜雪冰城(龙湖旗舰店),四川省成都市郫都区合信南路与合信路交叉口东北方向103米左右,美食:冷饮店,30.751915,103.920486,1116.7,四川省,成都市,郫都区,510117,奶茶,tencent_map
13593860878241729895,树夏·生榨鲜果茶(龙湖时代天街店),四川省成都市郫都区合作路89号18栋1楼22室,美食:冷饮店,30.752005,103.920372,1129.99,四川省,成都市,郫都区,510117,奶茶,tencent_map
9497248600288575005,食线·云南铜锅米线(龙湖时代天街店),四川省成都市郫都区天骄路136号1楼,美食:小吃快餐,30.753918,103.921271,1131.54,四川省,成都市,郫都区,510117,米线,tencent_map
15661591380380473394,MURVEY·LF·蔓味轻食(龙湖时代天街店),四川省成都市郫都区龙湖时代天街-时代汇东区,美食:小吃快餐,30.753802,103.921172,1133.9,四川省,成都市,郫都区,510117,轻食,tencent_map
15254443066956543266,中国兰州拉面(天骄路店),四川省成都市郫都区合作路89号龙湖时代天街30栋1层63号,美食:清真,30.755329,103.922198,1141.96,四川省,成都市,郫都区,510117,饺子,tencent_map
6534121293335707287,生滚牛肉粉面馆(龙湖时代天街店),四川省成都市郫都区天骄路58号附108,美食:小吃快餐,30.752074,103.920234,1144.83,四川省,成都市,郫都区,510117,米线,tencent_map
17945743248815279684,袁记云饺(时代天骄路店),四川省成都市郫都区合信路89号30栋附168室,美食:小吃快餐,30.755182,103.922029,1145.14,四川省,成都市,郫都区,510117,饺子,tencent_map
2570927477896508496,蜜雪冰城(龙湖时代天街5栋店),四川省成都市郫都区合作路89号5栋1层106号汉庭酒店旁,美食:冷饮店,30.752946,103.920455,1156.78,四川省,成都市,郫都区,510117,奶茶,tencent_map
12237477972605393581,川魂帽牌货冒菜(龙湖店),四川省成都市郫都区天骄路5栋108号(龙湖时代天街5栋),美食:小吃快餐,30.753433,103.920598,1165.38,四川省,成都市,郫都区,510117,冒菜,tencent_map
2276806315429253962,1点点(龙湖时代天街店),四川省成都市郫都区高新西区合作路89号龙湖时代天街5栋1层2号商铺,美食:冷饮店,30.75314,103.920441,1166.15,四川省,成都市,郫都区,510117,奶茶,tencent_map
2763196693388636725,蜜雪冰城(龙湖成都时代店),四川省成都市郫都区合作路89号4栋1层11号,美食:冷饮店,30.753312,103.9205,1168.47,四川省,成都市,郫都区,510117,奶茶,tencent_map
3368472592666476178,成佳羊肉粉,四川省成都市郫都区,美食:小吃快餐,30.752971,103.920331,1168.83,四川省,成都市,郫都区,510117,米线,tencent_map
6724407741646016980,翁记粉(清桂苑店),四川省成都市郫都区合作街道顺源环街220号,美食:小吃快餐,30.739578,103.926483,1172.7,四川省,成都市,郫都区,510117,米线,tencent_map
5857789767807360318,三颐油泼冒菜,四川省成都市郫都区天骄路80号(4栋),美食:小吃快餐,30.753029,103.920285,1175.3,四川省,成都市,郫都区,510117,冒菜,tencent_map
12709562683392272349,攀枝花盐边羊肉米线汤锅(龙湖时代天街店),四川省成都市郫都区合作路89号15栋附112号,美食:小吃快餐,30.754958,103.921432,1177.77,四川省,成都市,郫都区,510117,米线,tencent_map
10240342685905115175,绵阳米粉(天骄路店),四川省成都市郫都区合作路龙湖时代天街8栋一层114号,美食:小吃快餐,30.753912,103.920595,1188.63,四川省,成都市,郫都区,510117,米线,tencent_map
18408956451641316261,贵州花溪牛羊肉米粉(时代天街店),四川省成都市郫都区合作路89号8栋113号(近天骄路),美食:小吃快餐,30.75388,103.920567,1189.43,四川省,成都市,郫都区,510117,"米线,饺子",tencent_map
9032456492697413361,渝乡重庆鸡公煲(龙湖·时代天街店),四川省成都市郫都区高新区天骄路116号附105号1层,美食:中餐厅:其它中餐厅,30.752883,103.920044,1190.92,四川省,成都市,郫都区,510117,米线,tencent_map
16012212395215101227,茶百道(龙湖时代天街店),四川省成都市郫都区成都高新区天骄路58号附102号1层,美食:冷饮店,30.75223,103.919785,1190.98,四川省,成都市,郫都区,510117,奶茶,tencent_map
10904583057212665751,沪上阿姨·精选茶饮(龙湖成都时代天街店),四川省成都市郫都区成都高新区合作路89号18幢1层5号,美食:冷饮店,30.752246,103.919759,1193.88,四川省,成都市,郫都区,510117,奶茶,tencent_map
17983103519488958585,渝罗香特色罐罐米线(龙湖成都时代店),四川省成都市郫都区天骄路龙湖时代天街4栋1楼104号(红旗连锁),美食:小吃快餐,30.752833,103.919981,1194.63,四川省,成都市,郫都区,510117,米线,tencent_map
16080386173721391738,米悦食集.冒菜.猪脚饭(龙湖时代天街店),四川省成都市郫都区合作路与天骄路交叉口正西方向116米左右,美食:中餐厅:其它中餐厅,30.756135,103.922083,1206.82,四川省,成都市,郫都区,510117,冒菜,tencent_map
13599021933963297759,柒轻食(电子科大店),四川省成都市郫都区合作路与天骄路交叉口正西方向158米左右,美食:小吃快餐,30.755664,103.921548,1214.05,四川省,成都市,郫都区,510117,轻食,tencent_map
12231795205292816742,三顾冒菜·麻辣烫(龙湖时代天街店),四川省成都市郫都区合作路56号龙湖时代天街2期17栋119室,美食:小吃快餐,30.752111,103.919472,1215.95,四川省,成都市,郫都区,510117,冒菜,tencent_map
6050319280970321690,旺苍酸辣粉(龙湖成都时代天街店),四川省成都市郫都区合作路89号9幢1单元1层110号,美食:小吃快餐,30.753552,103.919966,1225.98,四川省,成都市,郫都区,510117,"冒菜,米线",tencent_map
17240300313051673061,食野SAYYEAH创意轻食(龙湖时代天街店),四川省成都市郫都区合作路89号31栋附215,美食:日韩菜:日本料理,30.755439,103.920713,1264.7,四川省,成都市,郫都区,510117,轻食,tencent_map
12379522239259420035,蜜雪冰城(龙湖成都时代店),四川省成都市郫都区西园街道合作路89号28栋1楼附138号,美食:冷饮店,30.752774,103.919136,1268.64,四川省,成都市,郫都区,510117,奶茶,tencent_map
17956074721489136535,书亦烧仙草(郫县时代天街二店),四川省成都市郫都区合信路与天骄路交叉口东北方向109米左右,美食:冷饮店,30.752755,103.919113,1270.04,四川省,成都市,郫都区,510117,奶茶,tencent_map
14084612093641739302,蒸嘀香石磨肠粉,四川省成都市郫都区龙湖时代天街32栋100号一楼,美食:小吃快餐,30.756497,103.921513,1274.47,四川省,成都市,郫都区,510117,米线,tencent_map
11269680172638081189,冒菜西施·火锅冒菜(龙湖时代天街店),四川省成都市郫都区合宁路与天欣路交叉口东南方向102米左右,美食:小吃快餐,30.755411,103.919878,1330.16,四川省,成都市,郫都区,510117,冒菜,tencent_map
15455341946177417530,喜赞·轻食沙拉·健康餐(龙湖时代天街店),四川省成都市郫都区龙湖时代天街-时代汇西区,美食:小吃快餐,30.755394,103.919864,1330.3,四川省,成都市,郫都区,510117,轻食,tencent_map
11141282591078256734,锅锅鲜砂锅土豆粉·过桥米线(龙湖时代天街店),四川省成都市郫都区合作路89号25栋1层附158号,美食:小吃快餐,30.7549,103.919518,1331.11,四川省,成都市,郫都区,510117,米线,tencent_map
7070071190451020163,绵阳米粉(天骄路店),四川省成都市郫都区成都高新区合作路89号32号楼1层70号(天浩人才旁边),美食:小吃快餐,30.756801,103.920829,1346.4,四川省,成都市,郫都区,510117,米线,tencent_map
10651831823248215887,陶子姐鸡柳饭,四川省成都市郫都区西园街道合作路89号7栋103室,美食:小吃快餐,30.755344,103.919516,1355.88,四川省,成都市,郫都区,510117,饺子,tencent_map
7976289173763550686,有面有粉(龙湖时代天街二店),四川省成都市郫都区龙湖成都时代天街,美食:小吃快餐,30.754307,103.916935,1525.75,四川省,成都市,郫都区,510117,米线,tencent_map
690653543914117793,Coffee2340咖啡轻食,四川省成都市郫都区合作街道航空培训中心,娱乐休闲:咖啡厅,30.744928,103.949678,1782.51,四川省,成都市,郫都区,510117,轻食,tencent_map
1328364015614686038,巴山羊肉米粉,四川省成都市郫都区高新青年公寓2号苑西(合庆路),美食:小吃快餐,30.754345,103.911455,2021.91,四川省,成都市,郫都区,510117,米线,tencent_map
16516607055922357019,蜜雪冰城(天瑞路店),四川省成都市郫都区高新青年公寓10号苑东南门东南50米,美食:冷饮店,30.754321,103.91102,2061.04,四川省,成都市,郫都区,510117,奶茶,tencent_map
5151937921766732018,御福菻状元水饺(高新青年公寓3号苑店),四川省成都市郫都区西园街道合信路533号高新青年公寓3号苑,美食:小吃快餐,30.755235,103.910901,2102.7,四川省,成都市,郫都区,510117,饺子,tencent_map
2167285727931992258,小弄里铲铲冒菜,四川省成都市郫都区红光街道银润南一路105号,美食:小吃快餐,30.765001,103.944127,2131.35,四川省,成都市,郫都区,510117,冒菜,tencent_map
17058833203086472310,甜城黄醪糟(犀浦店),四川省成都市郫都区(天宇路地铁站C口旁),美食:小吃快餐,30.754098,103.955173,2313.7,四川省,成都市,郫都区,510117,米线,tencent_map
12721774120520611292,水饺卤肉饭(手工水饺),四川省成都市郫都区犀浦街道泰山南街183号(天宇路地铁站C口旁),美食:小吃快餐,30.7542,103.955216,2320.43,四川省,成都市,郫都区,510117,饺子,tencent_map
13676208799748501643,谭二小面馆,四川省成都市郫都区围城南路676号(天宇路地铁站C口步行80米),美食:小吃快餐,30.754032,103.95532,2325.61,四川省,成都市,郫都区,510117,米线,tencent_map
2105222918433192045,袁记云饺(龙城国际店),四川省成都市郫都区红高路228号39幢一楼,美食:小吃快餐,30.769283,103.938114,2327.78,四川省,成都市,郫都区,510117,饺子,tencent_map
6285172360031085847,蜜雪冰城(橡树湾店),四川省成都市郫都区红光街道银银润路257号,美食:冷饮店,30.767221,103.943994,2334.04,四川省,成都市,郫都区,510117,奶茶,tencent_map
9387969372721178734,绵阳鲜米粉(围城南路店),四川省成都市郫都区犀浦街道玉龙七巷262号,美食:小吃快餐,30.75436,103.955751,2374.42,四川省,成都市,郫都区,510117,米线,tencent_map
16871696920773911780,伴茶空间(大学城店),四川省成都市郫都区红光街道银润路455号蓉陶砂锅三楼,美食:冷饮店,30.769435,103.939487,2381.89,四川省,成都市,郫都区,510117,奶茶,tencent_map
1353590098824963944,烂邓凳山城面(龙城国际店),四川省成都市郫都区红光街道银润路234号,美食:小吃快餐,30.767957,103.943739,2393.31,四川省,成都市,郫都区,510117,米线,tencent_map
8864544612560544338,攀枝花老盐边羊肉米线,四川省成都市郫都区红光街道红高东路269号(红高路地铁站C口步行420米),美食:小吃快餐,30.76899,103.941648,2408.87,四川省,成都市,郫都区,510117,米线,tencent_map
16698091270907048819,粤饺皇(红光银润路店),四川省成都市郫都区银润路174号,美食:小吃快餐,30.767912,103.944301,2415.31,四川省,成都市,郫都区,510117,饺子,tencent_map
10819691888750753695,李记罐罐米线,四川省成都市郫都区红光街道银润路374号(龙城国际4期),美食:小吃快餐,30.769546,103.940217,2416.29,四川省,成都市,郫都区,510117,米线,tencent_map
3135833447184482499,满嘴香徐记冒鸭(六分店),四川省成都市郫都区犀浦街道玉龙七巷226号,美食:小吃快餐,30.754112,103.956404,2428.55,四川省,成都市,郫都区,510117,冒菜,tencent_map
11583652241028611958,壹牛老花溪牛肉粉(郫都店),四川省成都市郫都区红光镇银润路188号西城御景1栋1层2号,美食:小吃快餐,30.768017,103.944377,2429.07,四川省,成都市,郫都区,510117,"米线,饺子",tencent_map
11567694065452503521,绵阳米粉(郫都店),四川省成都市郫都区红光街道银润北一路23号1层,美食:小吃快餐,30.768165,103.944483,2448.41,四川省,成都市,郫都区,510117,米线,tencent_map
14349113212752794118,钱鲜森老麻抄手,四川省成都市郫都区红光街道红高路181号,美食:小吃快餐,30.770056,103.939892,2459.72,四川省,成都市,郫都区,510117,米线,tencent_map
11153620184571221323,霸王牛羊肉米粉,四川省成都市郫都区西园街道合信路633号高新青年公寓4号苑,美食:小吃快餐,30.758523,103.908404,2462,四川省,成都市,郫都区,510117,米线,tencent_map
13422243263177185749,南部肥肠粉(西城御景店),四川省成都市郫都区红光街道西城御景学府南路68号,美食:小吃快餐,30.767656,103.945892,2470.94,四川省,成都市,郫都区,510117,米线,tencent_map
10096474754872616876,老马家资格烤羊肉(西城御景店),四川省成都市郫都区红光西城御景(银润北一路7号),美食:烧烤,30.768379,103.944637,2476.4,四川省,成都市,郫都区,510117,饺子,tencent_map
14825058804525829645,蜜雪冰城(富士康厂区C27店),四川省成都市郫都区西园街道合作路888号C25-1,美食:冷饮店,30.767241,103.916389,2493.16,四川省,成都市,郫都区,510117,奶茶,tencent_map
15735322440743751001,书亦烧仙草(高新区合庆里店),四川省成都市郫都区西园街道合信路637号附1号,美食:冷饮店,30.758822,103.908147,2498.48,四川省,成都市,郫都区,510117,奶茶,tencent_map
3773108327789728326,蜀韵岔路口老火锅(红光店),四川省成都市郫都区红光街道红高东路269号(红高路地铁站C口步行420米),美食:火锅,30.769675,103.942246,2501.63,四川省,成都市,郫都区,510117,饺子,tencent_map
13972267415432041574,巴老冒豆花冒菜(龙城国际店),四川省成都市郫都区红高东路221-6号,美食:小吃快餐,30.76939,103.943164,2509.76,四川省,成都市,郫都区,510117,冒菜,tencent_map
99347630928409553,兰州拉面(红高东路店),四川省成都市郫都区红光街道红高东路213号附8号1层,美食:小吃快餐,30.769385,103.943196,2510.6,四川省,成都市,郫都区,510117,饺子,tencent_map
3385257718168827356,重庆特色冒菜,四川省成都市郫都区犀浦街道玉龙六巷阳光雅舍(天宇路地铁站C口步行230米),美食:中餐厅:其它中餐厅,30.753579,103.957442,2512.91,四川省,成都市,郫都区,510117,冒菜,tencent_map
6328461893544237124,东北劲水饺馆红高路店,四川省成都市郫都区红高东路与银润北一路交叉口东南方向83米左右,美食:小吃快餐,30.768417,103.945386,2516.6,四川省,成都市,郫都区,510117,饺子,tencent_map
8803233764536408442,川魂帽牌货冒菜(红高东路店),四川省成都市郫都区红光镇红高东路105号1层,美食:小吃快餐,30.768128,103.945941,2517.53,四川省,成都市,郫都区,510117,冒菜,tencent_map
8419802105509035903,烫嘴儿豆花冒菜,四川省成都市郫都区西园街道高新青年公寓9号苑,美食:小吃快餐,30.757784,103.907341,2521.78,四川省,成都市,郫都区,510117,冒菜,tencent_map
15756249224932148336,毛记冒菜(西城御景店),四川省成都市郫都区红光街道银润路188号西城御景3栋1层3号,美食:小吃快餐,30.768609,103.94512,2521.82,四川省,成都市,郫都区,510117,冒菜,tencent_map
12254819061147562140,麻辣烫冒菜麻辣拌,四川省成都市郫都区岷江南五巷与岷江南六巷交叉口正东方向64米左右,美食:小吃快餐,30.758879,103.955659,2537.3,四川省,成都市,郫都区,510117,冒菜,tencent_map
10195869283278555083,沈包子(天邑宏御花园宏苑店),四川省成都市郫都区红光镇红高路地铁六号线红高路站C口,美食:小吃快餐,30.768881,103.945391,2561.09,四川省,成都市,郫都区,510117,饺子,tencent_map
4283117947945565238,先生冒菜纺专店,四川省成都市郫都区岷江南六巷48号,美食:小吃快餐,30.758871,103.955993,2565.83,四川省,成都市,郫都区,510117,冒菜,tencent_map
765599388396246455,三顾冒菜(龙城国际店),四川省成都市郫都区红光街道红高东路(红高路地铁站C口步行420米),美食:小吃快餐,30.770561,103.942905,2617.37,四川省,成都市,郫都区,510117,冒菜,tencent_map
2294734487503014069,二姐冒菜·现捞,四川省成都市郫都区西园街道天映路高新青年公寓5号苑,美食:小吃快餐,30.75933,103.906403,2673.44,四川省,成都市,郫都区,510117,冒菜,tencent_map
4838406135776702817,沸腾三江冒菜馆(高新青年公寓店),四川省成都市郫都区合庆路716号高新青年公寓5号苑714号,美食:小吃快餐,30.759424,103.905696,2739.17,四川省,成都市,郫都区,510117,冒菜,tencent_map
2539007887428323539,馋食猫冒菜,四川省成都市郫都区乐园后街与岷江街交叉口东北方向97米左右,美食:小吃快餐,30.75962,103.957758,2754.09,四川省,成都市,郫都区,510117,冒菜,tencent_map
8805173368037111328,冒当家·川魂冒菜(合信路店),四川省成都市郫都区西园街道合信路733号高新青年公寓5号苑,美食:小吃快餐,30.760934,103.906098,2779.8,四川省,成都市,郫都区,510117,冒菜,tencent_map
16866673910542230094,尘氏喜利来老面馆(恒山店),四川省成都市郫都区犀浦街道恒山南街353号,美食:小吃快餐,30.752011,103.960581,2782.33,四川省,成都市,郫都区,510117,饺子,tencent_map
18082663695444489466,鲜味水饺面,四川省成都市郫都区犀浦街道恒山南街336号,美食:小吃快餐,30.752829,103.960851,2819.89,四川省,成都市,郫都区,510117,饺子,tencent_map
3425517514291563689,三顾冒菜·麻辣烫(万景峰店),四川省成都市郫都区西园街道尚锦路268号39栋1层4号,美食:小吃快餐,30.774532,103.931517,2829.67,四川省,成都市,郫都区,510117,冒菜,tencent_map
10943685550832207122,双梅火锅冒菜,四川省成都市郫都区泰山二巷103号,美食:小吃快餐,30.757876,103.959744,2855.21,四川省,成都市,郫都区,510117,冒菜,tencent_map
3607235204177042245,馋嘴冒烤鸭·牛八秒冒菜(万景峰店),四川省成都市郫都区尚华路12号重庆老太婆摊摊面右侧,美食:小吃快餐,30.774848,103.930151,2868.6,四川省,成都市,郫都区,510117,冒菜,tencent_map
18266123610569756417,遇见毛肚冒烤鸭火锅冒菜,四川省成都市郫都区泰山二巷与泰山大道交叉口东南方向75米左右,美食:中餐厅:其它中餐厅,30.757746,103.959975,2871.12,四川省,成都市,郫都区,510117,冒菜,tencent_map
10622717851856910353,芙蓉冒菜(合信路店),四川省成都市郫都区西园街道合信路751号,美食:小吃快餐,30.761929,103.905454,2887.3,四川省,成都市,郫都区,510117,冒菜,tencent_map
1757578600286562226,哈尔滨老妈水饺(红光店),四川省成都市郫都区高店路西段25号,美食:小吃快餐,30.774128,103.939759,2889.54,四川省,成都市,郫都区,510117,饺子,tencent_map
18372892065874583684,兰州正宗牛肉拉面(恒山南街店),四川省成都市郫都区犀浦街道恒山南街289号,美食:清真,30.753214,103.961568,2894.2,四川省,成都市,郫都区,510117,饺子,tencent_map
16012097517041590257,霸道曹氏犀浦总店,四川省成都市郫都区犀浦街道泰山二巷60号、62号,美食:中餐厅:川菜,30.757335,103.960511,2904.75,四川省,成都市,郫都区,510117,冒菜,tencent_map
9065278723297346731,蜀韵岔路口老火锅(红光二店),四川省成都市郫都区红光街道高店路西段51号-1层,美食:火锅,30.77439,103.939318,2906.79,四川省,成都市,郫都区,510117,饺子,tencent_map
8639415867517843570,天赐冒烤鸭,四川省成都市郫都区犀池五街129号,美食:中餐厅:其它中餐厅,30.752477,103.962055,2928.61,四川省,成都市,郫都区,510117,饺子,tencent_map
890639766232938310,杨氏手撕烤鸭·冒烤鸭冒菜(百草店),四川省成都市郫都区合作街道百草路777号9栋1层18号,美食:中餐厅:北京菜,30.745,103.961945,2930.15,四川省,成都市,郫都区,510117,冒菜,tencent_map
13392392696787299727,东北特色菜馆手工水饺,四川省成都市郫都区百草路777号9栋1层3号,美食:家常菜,30.745697,103.962063,2930.22,四川省,成都市,郫都区,510117,饺子,tencent_map
838517226346330139,巴老冒豆花冒菜(高新青年公寓5号苑店),四川省成都市郫都区高新.合庆里661号,美食:小吃快餐,30.762221,103.905084,2934.15,四川省,成都市,郫都区,510117,冒菜,tencent_map
6685558656303099712,巴老冒豆花冒菜(红光店),四川省成都市郫都区西园街道尚华路29号,美食:小吃快餐,30.775571,103.930888,2946.29,四川省,成都市,郫都区,510117,冒菜,tencent_map
16637242813696294507,村花婆婆现包鲜水饺,四川省成都市郫都区合作街道百草路777号金辉悦府3期1-17,美食:小吃快餐,30.745114,103.962191,2951.46,四川省,成都市,郫都区,510117,饺子,tencent_map
7914189419590393556,浣花冒烤鸭·火锅冒菜(百草店),四川省成都市郫都区百草路777号太平洋影城斜对面,美食:中餐厅:其它中餐厅,30.745467,103.962498,2974.88,四川省,成都市,郫都区,510117,冒菜,tencent_map
4869619561203193169,三顾冒菜·麻辣烫(红光广场路店),四川省成都市郫都区广场路43-45号,美食:小吃快餐,30.774182,103.943665,3016.46,四川省,成都市,郫都区,510117,冒菜,tencent_map
164638055982599039,广元左氏蒸凉面·冒菜,四川省成都市郫都区犀浦街道顺意宾馆(犀池五街),美食:小吃快餐,30.751704,103.963133,3021.51,四川省,成都市,郫都区,510117,冒菜,tencent_map
2921169509680507542,兰州牛肉面,四川省成都市郫都区犀浦西港商务酒店西南围城南路248号,美食:小吃快餐,30.750286,103.963474,3043.16,四川省,成都市,郫都区,510117,饺子,tencent_map
6017071812224098251,鑫沂冒菜(时代睿城店),四川省成都市郫都区西园街道时代·睿城,美食:小吃快餐,30.776472,103.933897,3052.86,四川省,成都市,郫都区,510117,冒菜,tencent_map
10915928238507208642,老杨记冒菜(时代睿城店),四川省成都市郫都区西园街道尚华路108号5栋1层9号,美食:小吃快餐,30.776521,103.933332,3055.06,四川省,成都市,郫都区,510117,冒菜,tencent_map
172336558432050234,御福箖状元水饺(尚锦路店),四川省成都市郫都区尚文路26号附1,美食:小吃快餐,30.776729,103.929864,3079.17,四川省,成都市,郫都区,510117,饺子,tencent_map
14579840045001957741,川魂帽牌货冒菜(成都天全路店),四川省成都市郫都区天全路233号,美食:小吃快餐,30.761259,103.902769,3079.74,四川省,成都市,郫都区,510117,冒菜,tencent_map
4496343876866586466,三顾冒菜·麻辣烫(天全路店),四川省成都市郫都区天全路235号,美食:小吃快餐,30.761142,103.902615,3087.31,四川省,成都市,郫都区,510117,冒菜,tencent_map
6630949730209178136,冒大仙冒菜,四川省成都市郫都区西园街道天全路229号,美食:小吃快餐,30.761111,103.902574,3089.35,四川省,成都市,郫都区,510117,冒菜,tencent_map
3347073229526692139,正宗东北烧烤饺子馆,四川省成都市郫都区犀浦街道犀池五街十号,美食:烧烤,30.751218,103.963966,3096.29,四川省,成都市,郫都区,510117,饺子,tencent_map
8838514332380503611,简阳老字号羊肉汤三分店,四川省成都市郫都区犀池三街132号-142号,美食:特色中餐,30.754485,103.963507,3101.64,四川省,成都市,郫都区,510117,饺子,tencent_map
7810126216219082737,大懒人冒菜(犀浦店),四川省成都市郫都区犀浦街道犀池一街124号(柯蒂斯酒店处),美食:小吃快餐,30.750259,103.964152,3107.84,四川省,成都市,郫都区,510117,冒菜,tencent_map
7164369324090040004,彭二姐火锅冒菜,四川省成都市郫都区浦兴街与犀池东四巷交叉口西北方向65米左右,美食:小吃快餐,30.75169,103.964146,3117.85,四川省,成都市,郫都区,510117,冒菜,tencent_map
8756900818611858082,徐吉品冒菜馆(犀浦总店),四川省成都市郫都区围城南街206号,美食:小吃快餐,30.749835,103.964447,3134.48,四川省,成都市,郫都区,510117,冒菜,tencent_map
14932316876413793019,木桑森林·轻食健康餐,四川省成都市郫都区浦兴街与犀池四街交叉口西北方向142米左右,美食:西餐:其它西餐,30.753295,103.964212,3145.55,四川省,成都市,郫都区,510117,轻食,tencent_map
13632682069890848281,杨妹子腌卤冒鸭肥肠冒菜,四川省成都市郫都区综合市场卤菜,美食:小吃快餐,30.776808,103.938845,3157.96,四川省,成都市,郫都区,510117,冒菜,tencent_map
3446962270775366743,优品海鲜(滨河苑店),四川省成都市郫都区晚晴巷与荷塘路交叉口正西方向57米左右,美食:海鲜,30.777178,103.938513,3191.54,四川省,成都市,郫都区,510117,饺子,tencent_map
10670307073306340636,麻辣滚烫火锅冒菜(犀浦夜市店),四川省成都市郫都区犀浦街道玉龙三巷34号,美食:小吃快餐,30.75042,103.965041,3193.58,四川省,成都市,郫都区,510117,冒菜,tencent_map
15639228450174568625,冒菜西施火锅冒菜(犀浦店),四川省成都市郫都区犀浦镇犀池三街16号,美食:小吃快餐,30.752875,103.964843,3198.82,四川省,成都市,郫都区,510117,冒菜,tencent_map
13915606843798904824,二食堂(成都锦城学院店),四川省成都市郫都区合作街道西源大道1号成都锦城学院,美食:小吃快餐,30.725667,103.951201,3208.7,四川省,成都市,郫都区,510117,饺子,tencent_map
8360585519402692918,东北饺子馆,四川省成都市郫都区犀浦街道珠江东街123号,美食:小吃快餐,30.759736,103.963191,3236.88,四川省,成都市,郫都区,510117,饺子,tencent_map
4708293342248995498,友手艺冒菜(犀浦店),四川省成都市郫都区犀浦街道泰山新城上海花园二型1-2层15号,美食:小吃快餐,30.759428,103.964045,3300.98,四川省,成都市,郫都区,510117,冒菜,tencent_map
14288315916707863381,一招乡冒菜,四川省成都市郫都区西园街道天盛路高新青年公寓7号苑,美食:中餐厅:川菜,30.762822,103.90103,3306.62,四川省,成都市,郫都区,510117,冒菜,tencent_map
5672211493381588327,王氏冒菜(上锦颐园店),四川省成都市郫都区西园街道尚文路92号上景锦颐园佳境3号门,美食:小吃快餐,30.778749,103.92862,3312.13,四川省,成都市,郫都区,510117,冒菜,tencent_map
16434872221365917351,蜀香百味·冒菜(高新青年公寓7号苑店),四川省成都市郫都区西园街道天盛路252号高新青年公寓7号苑,美食:中餐厅:川菜,30.763488,103.901212,3326.2,四川省,成都市,郫都区,510117,冒菜,tencent_map
3693587914610229399,袁记味享饺子·云吞,四川省成都市郫都区犀浦街道泰山北街1号凯德广场负一楼4号,美食:小吃快餐,30.762203,103.962967,3327.67,四川省,成都市,郫都区,510117,饺子,tencent_map
1385771828745837520,川魂帽牌货冒菜(犀浦传奇店),四川省成都市郫都区犀浦街道泰山新城珠江路28号,美食:小吃快餐,30.759018,103.964666,3341.41,四川省,成都市,郫都区,510117,冒菜,tencent_map
10344812179137756296,马家场胖哥肥肠粉(永宁店),四川省成都市温江区永宁街道隆兴街60号,美食:小吃快餐,30.726819,103.908077,3356.39,四川省,成都市,温江区,510115,饺子,tencent_map
12358767836169236320,龙门精品火锅冒菜,四川省成都市郫都区,美食:小吃快餐,30.723502,103.950254,3358.86,四川省,成都市,郫都区,510117,冒菜,tencent_map
873523373904004281,友手艺冒菜(红光店),四川省成都市郫都区红光街道广场路11号(中国邮政储蓄旁),美食:小吃快餐,30.777709,103.943142,3366.37,四川省,成都市,郫都区,510117,冒菜,tencent_map
5725435053148663476,馄饨蒸饺大王(隆兴街店),四川省成都市温江区永宁街道开元街81号,美食:小吃快餐,30.726591,103.908059,3376.36,四川省,成都市,温江区,510115,饺子,tencent_map
4943459257122862952,市井边边火锅冒菜,四川省成都市郫都区犀池东四巷125号,美食:自助餐,30.750159,103.967011,3380.75,四川省,成都市,郫都区,510117,冒菜,tencent_map
10462293249359502947,东北佳良水饺,四川省成都市郫都区江西街231号,美食:小吃快餐,30.749242,103.96734,3410.26,四川省,成都市,郫都区,510117,饺子,tencent_map
4287856945611875221,兰姐饺子馆,四川省成都市郫都区江西街与玉龙三巷交叉口东北方向89米左右,美食:小吃快餐,30.749975,103.968011,3475.74,四川省,成都市,郫都区,510117,饺子,tencent_map
12670435613204013365,成记面馆(浦兴街店),四川省成都市郫都区浦兴街82(犀浦地铁站E口步行280米),美食:小吃快餐,30.755192,103.967333,3475.96,四川省,成都市,郫都区,510117,饺子,tencent_map
11152162825112069162,巴老冒豆花冒菜(恒山北街店),四川省成都市郫都区犀浦街道恒山北街37号,美食:小吃快餐,30.759225,103.966129,3481.22,四川省,成都市,郫都区,510117,冒菜,tencent_map
3755034599446206706,蒸味包点(犀浦分店),四川省成都市郫都区犀浦镇江西街191号华医牙科对面,美食:小吃快餐,30.750203,103.96821,3495.55,四川省,成都市,郫都区,510117,饺子,tencent_map
3231204069592965530,广福记干拌冒菜(犀浦夜市店),四川省成都市郫都区江西街五巷与江西街六巷交叉口西南方向110米左右,美食:小吃快餐,30.750327,103.968301,3504.76,四川省,成都市,郫都区,510117,冒菜,tencent_map
963089806877948820,一个人的烤肉拌饭(犀浦地铁店),四川省成都市郫都区犀浦街道江西街五巷29号(玉龙茶府旁),美食:小吃快餐,30.750965,103.969074,3582.03,四川省,成都市,郫都区,510117,饺子,tencent_map
18081318359844090900,荣胜和火锅冒菜(犀浦店),四川省成都市郫都区犀浦镇综合市场内30米,美食:小吃快餐,30.754176,103.969062,3619.04,四川省,成都市,郫都区,510117,冒菜,tencent_map
7085706580070709310,叶家饺子馆,四川省成都市温江区永宁街道永福街65号,美食:小吃快餐,30.725326,103.905145,3669.41,四川省,成都市,温江区,510115,饺子,tencent_map
13590290025639203980,众味东北水饺(兴业步行街店),四川省成都市郫都区犀浦街道兴业步行街81号(近西区),美食:小吃快餐,30.750453,103.97031,3697.36,四川省,成都市,郫都区,510117,饺子,tencent_map
5541521505045124744,豆花冒菜(永福街店),四川省成都市温江区永宁街道永福街99号,美食:小吃快餐,30.725136,103.904633,3718.65,四川省,成都市,温江区,510115,冒菜,tencent_map
10011562976535007292,宜宾燃面,四川省成都市郫都区西华大学(郫都校区)民泰银行(成都郫都支行),美食:小吃快餐,30.779677,103.94892,3780.36,四川省,成都市,郫都区,510117,饺子,tencent_map
2404173318124042672,为食不晚,四川省成都市郫都区广场路北一段59号,美食:中餐厅:其它中餐厅,30.780274,103.94855,3825.22,四川省,成都市,郫都区,510117,轻食,tencent_map
3027287584075657759,袁记云饺(郫都区红光沃尔玛店),四川省成都市郫都区红光街道红佳路18号蜗牛郡广场L117号,美食:小吃快餐,30.781789,103.944074,3825.37,四川省,成都市,郫都区,510117,饺子,tencent_map
7973241395710715424,东北劲水饺馆(犀浦店),四川省成都市郫都区犀浦街道下街178号1层(犀浦地铁站F口步行490米),美食:小吃快餐,30.753755,103.97155,3847.77,四川省,成都市,郫都区,510117,饺子,tencent_map
16947987833211090097,罗肥羊涮羊肉(犀浦店),四川省成都市郫都区犀浦街道兴业南街122号,美食:火锅,30.749969,103.972124,3869.07,四川省,成都市,郫都区,510117,饺子,tencent_map
17745591898983756945,顺记东北水饺,四川省成都市郫都区兴业南街106号犀浦水云涧(兴业南街),美食:小吃快餐,30.750158,103.972385,3894.6,四川省,成都市,郫都区,510117,饺子,tencent_map
4418296975242022819,东北饺子馆(兴业步行街店),四川省成都市郫都区犀浦兴业南街107号,美食:小吃快餐,30.750022,103.97264,3918.57,四川省,成都市,郫都区,510117,饺子,tencent_map
9847957678367366933,东北鲜饺子馆,四川省成都市郫都区红光四川托普信息技术职业学院(尚丰路南),美食:小吃快餐,30.783803,103.921889,3973.92,四川省,成都市,郫都区,510117,饺子,tencent_map
16803035379364634634,冒菜西施·火锅冒菜(红光店),四川省成都市郫都区红光街道仪隆巷78号-82号,美食:小吃快餐,30.782221,103.947612,3987.69,四川省,成都市,郫都区,510117,冒菜,tencent_map
2373892844933285229,曹氏鸭脖卤肉盖饭冒菜冒烤鸭(红光店),四川省成都市郫都区幸福路北一段50号4栋附9号,美食:小吃快餐,30.782811,103.945921,3990.45,四川省,成都市,郫都区,510117,冒菜,tencent_map
15803332835348359995,百味鲜饺子馆(云凤苑1期店),四川省成都市郫都区红光街道红光路北一段140号云凤苑1期,美食:小吃快餐,30.782126,103.948022,3993.09,四川省,成都市,郫都区,510117,饺子,tencent_map
10386303115099753815,令胡冲·鲜牛肉冒菜,四川省成都市郫都区犀浦街道兴业南街36号,美食:火锅,30.751014,103.973518,4006.83,四川省,成都市,郫都区,510117,冒菜,tencent_map
17536136887611445692,拾鲜饺子铺(百草路店),四川省成都市郫都区合作街道天辰路南晨风社区,美食:小吃快餐,30.739514,103.972141,4014.56,四川省,成都市,郫都区,510117,饺子,tencent_map
10504167704328365067,喜利来老面馆(总店),四川省成都市郫都区下街337号,美食:小吃快餐,30.752416,103.973621,4027.88,四川省,成都市,郫都区,510117,饺子,tencent_map
4556292878509115193,柒轻食(西华店),四川省成都市郫都区红光街道广仪巷72号附5号,美食:小吃快餐,30.782529,103.948046,4035.3,四川省,成都市,郫都区,510117,轻食,tencent_map
2275263684296724328,鲜骨道·酱烧排骨饭(现包饺子·西华店),四川省成都市郫都区红光街道广仪巷72号附16号,美食:小吃快餐,30.782675,103.947726,4038.57,四川省,成都市,郫都区,510117,饺子,tencent_map
7441833372989116369,蔓味轻食(西华大学店),四川省成都市郫都区红光镇隆府南巷90号附12-13号,美食:西餐:其它西餐,30.782026,103.949477,4039.45,四川省,成都市,郫都区,510117,轻食,tencent_map
11606160982039299320,馄饨蒸饺大王(兴业南街),四川省成都市郫都区犀浦街道兴业南街23号,美食:小吃快餐,30.751018,103.974008,4053.67,四川省,成都市,郫都区,510117,饺子,tencent_map
3292320034688127281,状元水饺(成都西华店),四川省成都市郫都区红光路北一段136号,美食:小吃快餐,30.783063,103.947164,4058.65,四川省,成都市,郫都区,510117,饺子,tencent_map
7304868996738861798,椒色生香干拌冒菜,四川省成都市郫都区红光镇广仪巷60号附18号,美食:小吃快餐,30.782952,103.947959,4075.57,四川省,成都市,郫都区,510117,冒菜,tencent_map
11541221605109426019,黄记豆花冒烤鸭,四川省成都市郫都区红光街道云凤苑广仪巷38号附8号,美食:中餐厅:川菜,30.7832,103.948641,4126.29,四川省,成都市,郫都区,510117,冒菜,tencent_map
691360111456449691,东北饺子砂锅米线,四川省成都市郫都区广仪四巷与广场路北一段交叉口正北方向159米左右,美食:小吃快餐,30.782848,103.950042,4145.22,四川省,成都市,郫都区,510117,饺子,tencent_map
8921999901717830765,魔力玛卡水晶冒菜(红光店),四川省成都市郫都区红光街道隆兴巷44号,美食:小吃快餐,30.783763,103.948602,4182.55,四川省,成都市,郫都区,510117,冒菜,tencent_map
15823384123053432673,冒江湖冒菜(成都总店),四川省成都市郫都区金隆巷16号,美食:小吃快餐,30.783351,103.950079,4197.49,四川省,成都市,郫都区,510117,冒菜,tencent_map
12579405246836271058,小龙门原味火锅冒菜(红光店),四川省成都市郫都区红光街道隆府南巷12号附10号,美食:火锅,30.783266,103.950755,4216.46,四川省,成都市,郫都区,510117,冒菜,tencent_map
9205776823653980329,汪氏豆花冒菜家常菜(天府路),四川省成都市郫都区犀浦街道万树森林1期44附2号,美食:家常菜,30.757696,103.975049,4256.19,四川省,成都市,郫都区,510117,冒菜,tencent_map
15407415986135756559,木桑森林·轻食健康餐(西华大学店),四川省成都市郫都区广仪七巷2号附17号,美食:西餐:其它西餐,30.784204,103.94937,4256.5,四川省,成都市,郫都区,510117,轻食,tencent_map
17332449983578430194,川魂帽牌货冒菜(红光店),四川省成都市郫都区红光街道望学巷夜市街烈火干锅旁边,美食:小吃快餐,30.783918,103.950291,4263.3,四川省,成都市,郫都区,510117,冒菜,tencent_map
14301073006363836151,芭夯兔·兔肉汤锅(犀浦店),四川省成都市郫都区华都路120号润扬双铁广场石犀里F1层,美食:火锅,30.759442,103.975253,4322.77,四川省,成都市,郫都区,510117,饺子,tencent_map
10181999333143459769,鲸落十里·理想轻食(西华店),四川省成都市郫都区红光街道隆府北巷43-12号,美食:西餐:其它西餐,30.783792,103.952085,4325.18,四川省,成都市,郫都区,510117,轻食,tencent_map
14302155199106789999,袁记云饺(双铁广场店),四川省成都市郫都区飞润扬双铁广场负一楼,美食:小吃快餐,30.758239,103.975805,4340.44,四川省,成都市,郫都区,510117,饺子,tencent_map
17470140295236692827,三顾冒菜·麻辣烫(石犀里店),四川省成都市郫都区犀浦街道润扬双铁广场石犀里171号,美食:小吃快餐,30.75953,103.975496,4347.78,四川省,成都市,郫都区,510117,冒菜,tencent_map
16345013371665747352,川蜀汇冒烤鸭,四川省成都市郫都区红光街道金鑫巷35号,美食:中餐厅:川菜,30.784173,103.951788,4350.46,四川省,成都市,郫都区,510117,冒菜,tencent_map
904287908821017152,杨妹现拌馅水饺,四川省成都市郫都区红光街道金地巷铂悦郡一期东南侧约60米,美食:小吃快餐,30.784903,103.950201,4359.69,四川省,成都市,郫都区,510117,饺子,tencent_map
487095283106823912,荣胜和火锅冒菜(红光店),四川省成都市郫都区红光街道小时光公寓,美食:小吃快餐,30.784086,103.952667,4379.64,四川省,成都市,郫都区,510117,冒菜,tencent_map
6785812857739097528,宴遇火锅冒菜,四川省成都市郫都区天辰路101号133栋,美食:小吃快餐,30.736636,103.975192,4387.36,四川省,成都市,郫都区,510117,冒菜,tencent_map
4133248547130395828,九宫格牛油火锅冒菜,四川省成都市郫都区犀浦街道两河西路169号附23号,美食:中餐厅:川菜,30.74584,103.977397,4387.61,四川省,成都市,郫都区,510117,冒菜,tencent_map
10205480121065885935,掌心佼老东北山珍手工水饺,四川省成都市郫都区红光路北一段287号,美食:小吃快餐,30.785405,103.949649,4389.89,四川省,成都市,郫都区,510117,饺子,tencent_map
8810426762065639564,西北狄道自助涮羊肉·羊蝎子(犀浦店),四川省成都市郫都区犀浦街道双铁路犀浦润扬双铁广场美食街2号,美食:火锅,30.758305,103.976425,4399.83,四川省,成都市,郫都区,510117,饺子,tencent_map
8585180093340952068,喜家福手工鲜水饺,四川省成都市温江区和居路669号,美食:小吃快餐,30.717795,103.903527,4406.62,四川省,成都市,温江区,510115,饺子,tencent_map
4939639819236607184,巴蜀特色面馆,四川省成都市郫都区红光街道西郡英华一期港华路383号,美食:中餐厅:川菜,30.787943,103.940885,4411.02,四川省,成都市,郫都区,510117,饺子,tencent_map
9560957108182085017,漂漂亮麻辣烫冒菜串串,四川省成都市郫都区犀浦街道张家石桥街56号,美食:中餐厅:川菜,30.745182,103.977883,4440.58,四川省,成都市,郫都区,510117,冒菜,tencent_map
14153549514574168460,好吃饺子,四川省成都市郫都区两河西路103号4栋1楼47号(37号),美食:小吃快餐,30.746872,103.978153,4451.76,四川省,成都市,郫都区,510117,饺子,tencent_map
10932330777920191312,饺好运饺子馆,四川省成都市郫都区红光镇金怡巷82号,美食:小吃快餐,30.785044,103.952729,4477.36,四川省,成都市,郫都区,510117,饺子,tencent_map
512156382316145394,村花婆婆现包饺子抄手(天河路店),四川省成都市郫都区合能·橙中心珍宝橙二期西南门旁,美食:小吃快餐,30.74494,103.978249,4478.15,四川省,成都市,郫都区,510117,饺子,tencent_map
697419518387742845,熊大爷现包饺子,四川省成都市郫都区犀浦街道筒车堰路93号3栋附115号,美食:小吃快餐,30.743516,103.9781,4483.27,四川省,成都市,郫都区,510117,饺子,tencent_map
13777849467925818626,蜀香干拌抄手(龙城半岛店),四川省成都市郫都区龙城半岛华都路201号野集螺蛳粉,美食:小吃快餐,30.760147,103.976793,4485.79,四川省,成都市,郫都区,510117,饺子,tencent_map
1047776775878891818,中国饺子文化馆,四川省成都市郫都区两河新街与筒车堰路交叉口正东方向48米左右,美食:小吃快餐,30.743488,103.978191,4492.33,四川省,成都市,郫都区,510117,饺子,tencent_map
2846934893015463238,毛记和意冒菜(双铁广场店),四川省成都市郫都区犀浦街道华都路润扬双铁广场3栋一层沿街1号附9,美食:小吃快餐,30.758821,103.977372,4501.42,四川省,成都市,郫都区,510117,冒菜,tencent_map
7245610501122048959,袁记云饺(郫都保利香槟国际店),四川省成都市郫都区高新西区天目路77号(保利新天地)15栋102号,美食:小吃快餐,30.735275,103.976077,4517.18,四川省,成都市,郫都区,510117,饺子,tencent_map
14172353244958019917,小龙门原味火锅冒菜(犀浦店),四川省成都市郫都区犀浦街道瑞幸咖啡龙城半岛店隔壁,美食:中餐厅:川菜,30.760028,103.977221,4521.61,四川省,成都市,郫都区,510117,冒菜,tencent_map
17322527741521142321,鲸落十里健康轻食店(橙中心店),四川省成都市郫都区筒车堰路106号1层(天河路地铁站D口步行330米),美食:小吃快餐,30.744787,103.978742,4526.85,四川省,成都市,郫都区,510117,轻食,tencent_map
7409222708375374734,好吃嘴冒菜(红光店),四川省成都市郫都区广场路北一段387号怡华居,美食:小吃快餐,30.784908,103.954682,4551.1,四川省,成都市,郫都区,510117,冒菜,tencent_map
6929480949750964753,家和居骨汤冒菜,四川省成都市郫都区犀浦街道锦园路15号西汇锦苑一期A区,美食:中餐厅:川菜,30.769626,103.972906,4555.89,四川省,成都市,郫都区,510117,冒菜,tencent_map
15139520059388681861,芙蓉树下冒菜·麻辣烫(红光1958广场店),四川省成都市郫都区徐独路445号一层,美食:中餐厅:川菜,30.785025,103.954641,4560.62,四川省,成都市,郫都区,510117,冒菜,tencent_map
2619090308443040002,村花婆婆现包水饺,四川省成都市郫都区天目路77号保利香槟国际2期9栋附119,美食:小吃快餐,30.734999,103.976669,4580.92,四川省,成都市,郫都区,510117,饺子,tencent_map
13150390900016760633,波波柴火鸡,四川省成都市郫都区犀浦街道万科理想城商业广场一楼,美食:农家菜,30.754726,103.979533,4619.06,四川省,成都市,郫都区,510117,饺子,tencent_map
6574471277545272577,蓉城巷火锅冒菜,四川省成都市温江区永宁街道隆平路760号8栋附113号,美食:中餐厅:川菜,30.71412,103.905338,4640.51,四川省,成都市,温江区,510115,冒菜,tencent_map
16509170341529451982,东北饺子坊,四川省成都市郫都区合作街道天目路77号10栋附115号,美食:小吃快餐,30.734321,103.977503,4681.98,四川省,成都市,郫都区,510117,饺子,tencent_map
16328291157104640359,王小宇·香溢冒菜(万科店),四川省成都市郫都区犀浦街道万科城粮河路211号,美食:小吃快餐,30.740164,103.979542,4684.95,四川省,成都市,郫都区,510117,冒菜,tencent_map
4615963699730131487,巴老冒豆花冒菜(天目路店),四川省成都市郫都区天目路93号(百草路地铁站A口步行280米),美食:小吃快餐,30.732479,103.976723,4689.35,四川省,成都市,郫都区,510117,冒菜,tencent_map
3298154881495129164,骨汤鲜货冒菜,四川省成都市郫都区粮河路223号万科生活广场,美食:中餐厅:川菜,30.740165,103.979815,4710.45,四川省,成都市,郫都区,510117,冒菜,tencent_map
1100479713123267185,饺饺堂·中国饺子(万科生活广场店),四川省成都市郫都区万科生活广场(粮河路北),美食:小吃快餐,30.740053,103.979788,4710.58,四川省,成都市,郫都区,510117,饺子,tencent_map
5935443000636004437,巴老冒豆花冒菜(万科城店),四川省成都市郫都区粮河路223号,美食:小吃快餐,30.740031,103.979829,4714.94,四川省,成都市,郫都区,510117,冒菜,tencent_map
12504631450719794812,东北大饼水饺,四川省成都市郫都区两河西路与犀安路交叉口正东方向152米左右,美食:小吃快餐,30.74955,103.981018,4719.04,四川省,成都市,郫都区,510117,饺子,tencent_map
7503893670135891988,上古冒菜(百草路店),四川省成都市郫都区合作街道百草路保利新天地10憧13号,美食:小吃快餐,30.734199,103.977941,4725.99,四川省,成都市,郫都区,510117,冒菜,tencent_map
1591412121163796106,巴老冒豆花冒菜(西郡英华店),四川省成都市郫都区红光街道干家碾街120号1层,美食:小吃快餐,30.7913,103.938362,4739.34,四川省,成都市,郫都区,510117,冒菜,tencent_map
5295934228113866021,隆昌冒菜(西郡英华店),四川省成都市郫都区红光街道西郡英华3期东门南130米,美食:小吃快餐,30.791349,103.93794,4739.48,四川省,成都市,郫都区,510117,冒菜,tencent_map
5418603297631874548,三顾冒菜·麻辣烫(中铁西郡英华店),四川省成都市郫都区红光镇港通北一路277号1层,美食:小吃快餐,30.791732,103.932789,4745.47,四川省,成都市,郫都区,510117,冒菜,tencent_map
1387840257714345033,三顾冒菜·麻辣烫(百草路店),四川省成都市郫都区天目路163号,美食:小吃快餐,30.733498,103.977906,4750.86,四川省,成都市,郫都区,510117,冒菜,tencent_map
3142692134999972832,伴茶空间(犀浦店),四川省成都市郫都区犀浦镇两河东路万科城115号,娱乐休闲:茶馆,30.739658,103.98062,4797.83,四川省,成都市,郫都区,510117,轻食,tencent_map
8675448469539508245,喜利来老面馆(恒大帝景店),四川省成都市郫都区西园街道双柏路6号恒大帝景,美食:小吃快餐,30.791781,103.924014,4806.24,四川省,成都市,郫都区,510117,饺子,tencent_map
2876735174745521659,重庆二两面 猪脚饭(银杏店),四川省成都市郫都区红光街道广场路北二段91号,美食:小吃快餐,30.786914,103.95614,4814,四川省,成都市,郫都区,510117,饺子,tencent_map
16118691818084040839,说一不二石锅拌饭(北区店),四川省成都市郫都区犀浦街道西南交通大学(犀浦校区),美食:小吃快餐,30.767364,103.977713,4848.41,四川省,成都市,郫都区,510117,饺子,tencent_map
11470493744289866070,黄三面馆,四川省成都市郫都区和心路25号(百草路地铁站D口步行210米),美食:小吃快餐,30.734869,103.97961,4850.91,四川省,成都市,郫都区,510117,饺子,tencent_map
2725177591461627590,巴老冒豆花冒菜(置信·学府杏林店),四川省成都市温江区永宁街道置信·学府杏林一期B区西北门东100米,美食:小吃快餐,30.712067,103.90484,4859,四川省,成都市,温江区,510115,冒菜,tencent_map
1107961709908884878,封味简餐,四川省成都市郫都区忠恕路与犀方路交叉口正东方向72米左右,美食:小吃快餐,30.767277,103.978093,4877.42,四川省,成都市,郫都区,510117,轻食,tencent_map
13065676068676418512,来意碗冒菜(锦苑店),四川省成都市郫都区犀浦街道兴业北街149号,美食:小吃快餐,30.757698,103.981797,4887.46,四川省,成都市,郫都区,510117,冒菜,tencent_map
15008115438732068687,唐院饺子馆,四川省成都市郫都区犀浦润弘校园路幼儿园(樟菊园园区)东南,美食:小吃快餐,30.770408,103.976499,4897.88,四川省,成都市,郫都区,510117,饺子,tencent_map
2250170263323994031,七里香冒菜快餐(交大店),四川省成都市郫都区犀浦街道校园路686号附19号,美食:小吃快餐,30.770487,103.976629,4913.02,四川省,成都市,郫都区,510117,冒菜,tencent_map
1005952429150962821,烘丰圆·四川饺子(龙吟路店),四川省成都市郫都区蓝光幸福满庭东南1门西南50米,美食:小吃快餐,30.748478,103.98342,4949.12,四川省,成都市,郫都区,510117,饺子,tencent_map
16011651119343814909,王婆婆市井冒菜,四川省成都市郫都区犀浦街道万福新街13号,美食:小吃快餐,30.747663,103.983605,4968.96,四川省,成都市,郫都区,510117,冒菜,tencent_map
15095441061812026338,刘掌门冒菜,四川省成都市郫都区校园路149号,美食:小吃快餐,30.759196,103.982509,4989.09,四川省,成都市,郫都区,510117,冒菜,tencent_map
5231954054691760078,太平张醪糟(温江永宁店),四川省成都市温江区永宁街道八一路南段99号1栋附104号,美食:中餐厅:其它中餐厅,30.711748,103.902897,4989.4,四川省,成都市,温江区,510115,饺子,tencent_map
2000086223803714457,袁记云饺(郫都区银杏学院店),四川省成都市郫都区广场路北二段60号银杏酒店管理学院,美食:小吃快餐,30.786544,103.960391,4989.65,四川省,成都市,郫都区,510117,饺子,tencent_map
4721771801991310479,欢茶(科化二路店),四川省成都市郫都区郫筒郫都金融中心A栋2楼201,娱乐休闲:茶馆,30.793091,103.897889,5866.99,四川省,成都市,郫都区,510117,轻食,tencent_map
7994415453870180606,喜赞·暖轻食·健康餐(郫都店),四川省成都市郫都区郫筒街道科化二路40号附13号,美食:小吃快餐,30.797686,103.899485,6223.12,四川省,成都市,郫都区,510117,轻食,tencent_map
13410128566331099453,食野SAYYEAH创意轻食(郫都店),四川省成都市郫都区和顺四巷景尚景-一期(郫筒地铁站C口步行370米),美食:小吃快餐,30.796732,103.897012,6253.28,四川省,成都市,郫都区,510117,轻食,tencent_map
11185661516241069695,薇云轻食,四川省成都市郫都区望丛东路125号-259号2层,美食:西餐:其它西餐,30.806787,103.907701,6818,四川省,成都市,郫都区,510117,轻食,tencent_map
1378856324844898014,鲜味屋资中兔儿面(蜀都万达店),四川省成都市郫都区郫筒街道檬柏西路33号万达华府1期,美食:小吃快餐,30.807176,103.906364,6902.62,四川省,成都市,郫都区,510117,轻食,tencent_map
7892805626040204171,蜀新一号茶府,四川省成都市郫都区郫筒街道中信大道二段80号二期6栋二楼201号,娱乐休闲:茶馆,30.794934,103.879029,7168.79,四川省,成都市,郫都区,510117,轻食,tencent_map
3701203977666417817,新元素(绿茵路店),四川省成都市青羊区成飞大道英国小镇绿茵路65号,生活服务:美容美发:其它美容美发,30.688682,103.962127,7330.54,四川省,成都市,青羊区,510105,轻食,tencent_map
7421208993053985846,木桑森林轻食(保利学府城店),四川省成都市金牛区金谷三路291号附201号2层,美食:小吃快餐,30.725493,104.004695,7463.34,四川省,成都市,金牛区,510106,轻食,tencent_map
9568092173283515755,鲸落十里·健康餐轻食(国宾店),四川省成都市金牛区金科南路176号一层,美食:小吃快餐,30.717671,104.000839,7484.93,四川省,成都市,金牛区,510106,轻食,tencent_map
2300526987300029501,食野· SAYYEAH·创意轻食(国宾店),四川省成都市金牛区金泉街道金科南三路179号附224号2幢2楼3号,美食:西餐:其它西餐,30.716369,104.001165,7581.17,四川省,成都市,金牛区,510106,轻食,tencent_map
11718729648208625926,粮磨缘肠粉·简餐甜品(国宾首府店),四川省成都市金牛区盛业路430号1层101,美食:小吃快餐,30.716637,104.001393,7586.04,四川省,成都市,金牛区,510106,轻食,tencent_map
5162239963066567004,贰喜家轻食,四川省成都市金牛区金科南三路179号附226号2楼,美食:西餐:其它西餐,30.71657,104.001386,7589.01,四川省,成都市,金牛区,510106,轻食,tencent_map
12731434498083539185,MOMO么么咖啡·轻食·西餐(南兴巷店),四川省成都市郫都区郫筒街道郫筒南兴巷135号1层,娱乐休闲:咖啡厅,30.804041,103.883128,7678.76,四川省,成都市,郫都区,510117,轻食,tencent_map
3690724574982136325,金玖·越南河粉(郫都店),四川省成都市郫都区南兴巷121号,美食:东南亚菜:越南菜,30.804178,103.883308,7680.53,四川省,成都市,郫都区,510117,轻食,tencent_map
1323752530569768042,花屿轻食,四川省成都市温江区公平街道惠民社区五福东巷20号,美食:小吃快餐,30.706909,103.867227,7754.2,四川省,成都市,温江区,510115,轻食,tencent_map
14900085442227573980,友友家常面简餐(双金路店),四川省成都市金牛区金泉街道黄金东一路99号金泉阳光雅新苑,美食:小吃快餐,30.704851,103.994651,7782.78,四川省,成都市,金牛区,510106,轻食,tencent_map
18249022268961304049,老广记粤式简餐,四川省成都市郫都区郫筒街道一环路东北段70号附10号朱妹冒菜隔壁,美食:中餐厅:粤菜,30.809705,103.890503,7811.24,四川省,成都市,郫都区,510117,轻食,tencent_map
3484536407704957658,喜赞轻食健康餐(光华大道店),四川省成都市青羊区乐安一巷6号3栋附111号,美食:西餐:其它西餐,30.678133,103.926951,7914.49,四川省,成都市,青羊区,510105,轻食,tencent_map
11714824252319691099,DuDu&嘟嘟轻食,四川省成都市青羊区清涟路112号,美食:西餐:其它西餐,30.687174,103.983107,8470.54,四川省,成都市,青羊区,510105,轻食,tencent_map
9423298173836634501,轻食湾闲聚茶楼,四川省成都市金牛区金泉街道迎宾大道298号2栋2层3号,娱乐休闲:茶馆,30.710677,104.008233,8482.15,四川省,成都市,金牛区,510106,轻食,tencent_map
15027816042690323362,鲸落十里·健康餐轻食(光华之心店),四川省成都市温江区公平街道光华之心乐善路77号5栋附106号,美食:小吃快餐,30.688637,103.877668,8488.45,四川省,成都市,温江区,510115,轻食,tencent_map
12330904053785151463,轻食湾·锅香天下,四川省成都市金牛区金泉街道迎宾大道8号院街310号,美食:中餐厅:川菜,30.710715,104.008443,8497.37,四川省,成都市,金牛区,510106,轻食,tencent_map
13705545870673686487,禾熙·轻食减脂健康餐(青羊万和中心店),四川省成都市青羊区蔡桥街道日月大道一段1501号1栋1单元1楼附105、106号,美食:小吃快餐,30.676568,103.964368,8659.98,四川省,成都市,青羊区,510105,轻食,tencent_map
3578562282321471185,梁记匠牛人街头牛排轻食,四川省成都市青羊区蜀鑫西二路257号,美食:西餐:牛排,30.685385,103.98759,8884.96,四川省,成都市,青羊区,510105,轻食,tencent_map
6804800701662096237,美味丰鲜卤·甜皮鸭·椒麻鸡(凤凰·汇邻里店),四川省成都市温江区涌泉街道林泉北街45号,美食:小吃快餐,30.67998,103.883535,8970.46,四川省,成都市,温江区,510115,轻食,tencent_map
17603838601743919448,木桑森林·轻食健康餐(青羊万达店),四川省成都市青羊区苏坡街道西货站路207号附201号2栋2层1号,美食:西餐:其它西餐,30.67678,103.973494,8991.1,四川省,成都市,青羊区,510105,轻食,tencent_map
4832940726065118598,喜雀茶府·棋牌·商务·简餐(中坝西环广场店),四川省成都市青羊区光华东三路489号1栋-3楼303号附304号,娱乐休闲:茶馆,30.671374,103.962638,9146.62,四川省,成都市,青羊区,510105,轻食,tencent_map
2800446600914986398,玖酿精酿简餐,四川省成都市郫都区花石路141号,娱乐休闲:酒吧,30.823537,103.974444,9238.64,四川省,成都市,郫都区,510117,轻食,tencent_map
5546500382165098942,六月里·咖啡·轻食,四川省成都市青羊区龙嘴路170号,娱乐休闲:咖啡厅,30.695931,104.005873,9243.34,四川省,成都市,青羊区,510105,轻食,tencent_map
8838669977925107264,御风茶楼,四川省成都市青羊区苏坡街道蜀鑫路167号清波楼3楼,娱乐休闲:茶馆,30.678345,103.98862,9578.22,四川省,成都市,青羊区,510105,轻食,tencent_map
7697749421815910043,他音憩·轻食·健康蔬果茶,四川省成都市金牛区华丰路217号华侨城云岸A座1105,美食:冷饮店,30.715887,104.030836,10182.05,四川省,成都市,金牛区,510106,轻食,tencent_map
16148435980688301281,三两cafe-轻食专门店,四川省成都市温江区人和路871号海天腾逸广场写字楼,娱乐休闲:咖啡厅,30.684279,103.853541,10393.77,四川省,成都市,温江区,510115,轻食,tencent_map
13343708583258820569,星期八餐厅(市区店),四川省成都市温江区柳城街道行署路32-38号,美食:中餐厅:其它中餐厅,30.699783,103.8389,10440.64,四川省,成都市,温江区,510115,轻食,tencent_map
14400487158260449283,木桑森林·轻食健康餐(海川路店),四川省成都市温江区柳城街道海天腾逸广场写字楼,美食:小吃快餐,30.683865,103.852162,10520.92,四川省,成都市,温江区,510115,轻食,tencent_map
8374350698133047698,parrot coffee 鹦鹉鸟咖 异宠 咖啡 轻食,四川省成都市金牛区营门口街道子云路9号3栋附129和130,娱乐休闲:咖啡厅,30.699672,104.028804,10800.39,四川省,成都市,金牛区,510106,轻食,tencent_map
7655150112013821521,贝森1991茶府·棋牌·台球·简餐,四川省成都市青羊区贝森路289号1栋2层1号,娱乐休闲:茶馆,30.669801,103.997823,10863.19,四川省,成都市,青羊区,510105,轻食,tencent_map
10436676929309153718,食野·SAYYEAH·创意轻食(清江西路店),四川省成都市青羊区苏坡东路5号附2号,美食:西餐:其它西餐,30.672782,104.002567,10872.51,四川省,成都市,青羊区,510105,轻食,tencent_map
10093818642210231742,木桑森林·轻食健康餐(西宸天街店),四川省成都市金牛区营门口街道龙湖紫宸香颂3期,美食:小吃快餐,30.699117,104.031787,11077.89,四川省,成都市,金牛区,510106,轻食,tencent_map
17192965735685892686,西食象限·人宠友好综合店·轻食咖啡馆,四川省成都市青羊区西村大院内,娱乐休闲:咖啡厅,30.670113,104.002853,11123.05,四川省,成都市,青羊区,510105,轻食,tencent_map
11855636742137836029,士多兔轻食便利店(新时珑玺店),四川省成都市温江区凤溪大道南段977号新时珑玺大厦,购物:超市,30.673421,103.855282,11157.06,四川省,成都市,温江区,510115,轻食,tencent_map
9729390253364416744,粤美味广式烧腊店(金桔花园2期北苑店),四川省成都市金牛区长庆路5号附23号(金府地铁站B口步行420米),美食:中餐厅:其它中餐厅,30.707369,104.038984,11269.3,四川省,成都市,金牛区,510106,轻食,tencent_map
873817302388379115,云鼎茶府·品茗·棋牌·简餐(清溪西路店),四川省成都市青羊区清溪西路58号4楼(云鼎酒店大堂内),娱乐休闲:茶馆,30.679457,104.02079,11525.32,四川省,成都市,青羊区,510105,轻食,tencent_map
5671880659788163661,木桑森林·轻食健康餐(大丰店),四川省成都市新都区大丰街道新街101号,美食:小吃快餐,30.763129,104.051814,11596.43,四川省,成都市,新都区,510114,轻食,tencent_map
7133710612959734626,立里春天印象·影院足疗轻养SPA(大丰店),四川省成都市新都区丰怡阳光B区1栋3层01号,娱乐休闲:洗浴推拿足疗:足疗,30.763643,104.052712,11689.31,四川省,成都市,新都区,510114,轻食,tencent_map
13355465715937371898,沙哇低卡轻食沙拉(温江店),四川省成都市温江区金色鱼凫西北1门南150米,美食:小吃快餐,30.684113,103.835504,11708.92,四川省,成都市,温江区,510115,轻食,tencent_map
14839580261149719347,喜赞·超级碗健康轻食,四川省成都市温江区双柳一巷与双柳二街交叉口正西方向17米左右,美食:西餐:其它西餐,30.686659,103.832966,11730.57,四川省,成都市,温江区,510115,轻食,tencent_map
13946815406988661070,纤森轻食,四川省成都市温江区祥和苑(双柳一巷)33号,美食:西餐:其它西餐,30.685886,103.833606,11732.74,四川省,成都市,温江区,510115,轻食,tencent_map
7638232985469433511,未食轻享.轻食沙拉(交大店),四川省成都市金牛区营门口街道银沙南街108号1层,美食:小吃快餐,30.695172,104.040971,12058.76,四川省,成都市,金牛区,510106,轻食,tencent_map
6432308890756581601,木桑森林·轻食健康餐(石人中巷小区店),四川省成都市青羊区石人西街76、78号,美食:小吃快餐,30.675421,104.024645,12100.98,四川省,成都市,青羊区,510105,轻食,tencent_map
15042670130733654550,家缘简餐奶茶,"四川省成都市温江区柳城街道柳南三路135号附201,202,203号",美食:冷饮店,30.682265,103.831081,12169.32,四川省,成都市,温江区,510115,轻食,tencent_map
10348304679273148416,seven in ten七分品质轻食,四川省成都市青羊区石人中巷与石人正街交叉口正东方向18米左右,美食:西餐:其它西餐,30.674574,104.024855,12179.83,四川省,成都市,青羊区,510105,轻食,tencent_map
7968924724230258033,椰子餐厅·泰式简餐(石人店),四川省成都市青羊区府南街道文苑路68号附3号,美食:东南亚菜:泰国菜,30.676773,104.027178,12180.22,四川省,成都市,青羊区,510105,轻食,tencent_map
2680044942715527762,原舍茶饮甜品简餐,四川省成都市郫都区三道堰镇三堰村一社导堰公园20-25号,美食:面包甜点,30.858488,103.924123,12197.06,四川省,成都市,郫都区,510117,轻食,tencent_map
175755702737273751,食野SAYYEAH创意轻食(大学城店),四川省成都市温江区柳城街道柳南四路133号,美食:小吃快餐,30.682441,103.830022,12237.77,四川省,成都市,温江区,510115,轻食,tencent_map
3576233080790079103,陈鹏老砂锅(财大店),四川省成都市温江区柳城街道柳浪湾北二街165号121-18单元,美食:小吃快餐,30.684235,103.828024,12271.69,四川省,成都市,温江区,510115,轻食,tencent_map
2861642662916460124,叶子·轻食,四川省成都市温江区柳南五路118号(杨柳河地铁站C口步行170米),美食:小吃快餐,30.682084,103.829422,12307.54,四川省,成都市,温江区,510115,轻食,tencent_map
11116245134226900051,山姆大树轻食沙拉,四川省成都市青羊区光华街道二环路西二段73号1栋2单元1层31号,美食:小吃快餐,30.668461,104.020774,12381.3,四川省,成都市,青羊区,510105,轻食,tencent_map
13521536267776515671,锦城茗源茶府·棋牌·品茗·简餐,四川省成都市青羊区府南街道清江东路362号-附1-、2号,娱乐休闲:茶馆,30.670172,104.023393,12419.68,四川省,成都市,青羊区,510105,轻食,tencent_map
10072379009992302575,还喜轻食·沙拉·健康餐(金楠天街店),四川省成都市武侯区晋阳街道晋阳路432号金楠天街D馆2栋3层附326号(川湘厨木桶饭旁边),美食:小吃快餐,30.649618,103.994862,12618.66,四川省,成都市,武侯区,510107,轻食,tencent_map
13962753277065909255,一叶茶茶楼(抚琴店),四川省成都市金牛区抚琴街道抚琴西路89号附17号2楼,娱乐休闲:茶馆,30.678091,104.037225,12826.28,四川省,成都市,金牛区,510106,轻食,tencent_map
1687372015161937992,西元时光茶府,四川省成都市金牛区为民路30号2楼1号,娱乐休闲:茶馆,30.68813,104.046579,12921.44,四川省,成都市,金牛区,510106,轻食,tencent_map
9751860653986405770,喜赞轻食健康餐(清江东路店),四川省成都市青羊区清江东路164号,美食:小吃快餐,30.668747,104.031546,13090.78,四川省,成都市,青羊区,510105,轻食,tencent_map
10311849758352247276,木格,四川省成都市金牛区中新路11号附3号(白果林地铁站C口步行320米),美食:小吃快餐,30.671836,104.035336,13129.95,四川省,成都市,金牛区,510106,轻食,tencent_map
13555530200758812714,食野 SAY YEAH 创意轻食,四川省成都市金牛区沙湾东二路15号附9号,美食:西餐:其它西餐,30.690277,104.055156,13509.08,四川省,成都市,金牛区,510106,轻食,tencent_map
5820932620470480398,MURVEY·LF·蔓味轻食(抚琴店),四川省成都市金牛区西安路街道花牌坊40号C栋305号,美食:小吃快餐,30.678719,104.047334,13560.64,四川省,成都市,金牛区,510106,轻食,tencent_map
16113129474510781205,木桑森林轻食健康餐,四川省成都市温江区柳城街道海泉路16号,美食:小吃快餐,30.676845,103.817125,13599.56,四川省,成都市,温江区,510115,轻食,tencent_map
6848381376872124258,喜赞·轻食沙拉·健康餐(大丰店),四川省成都市新都区大丰街道甫家坝路37号6栋附114号,美食:小吃快餐,30.761002,104.074517,13726.92,四川省,成都市,新都区,510114,轻食,tencent_map
3001377142159868421,MURVEY·LF·蔓味轻食(大丰店),四川省成都市新都区大丰街道甫家一路东段166号2栋附104室,美食:中餐厅:其它中餐厅,30.755221,104.077627,13977.45,四川省,成都市,新都区,510114,轻食,tencent_map
2281622669177519343,明珠湾驿站·棋牌简餐·茶饮,四川省成都市武侯区陆坝社区金江公园明珠湾985号附12号,娱乐休闲:茶馆,30.624801,103.962246,14144.06,四川省,成都市,武侯区,510107,轻食,tencent_map
9538600038913224360,舒忆沐足·影院式足浴SPA·轻食(金牛店),四川省成都市金牛区金仙桥路24号2层1.2.3.4号,娱乐休闲:洗浴推拿足疗:足疗,30.678449,104.05559,14229.44,四川省,成都市,金牛区,510106,轻食,tencent_map
13417800930261797765,柒悦茶坊(中天时代大厦店),四川省成都市武侯区簇锦街道武科东二路6号,娱乐休闲:茶馆,30.631837,103.991869,14269.49,四川省,成都市,武侯区,510107,轻食,tencent_map
12795646014790570826,啪叽轻食(青羊宫店),四川省成都市青羊区青羊横街1-附4号(青羊宫地铁站C口步行280米),美食:小吃快餐,30.657704,104.039314,14479.31,四川省,成都市,青羊区,510105,轻食,tencent_map
10323204752203138903,茶颜悦己·棋牌·品茗·简餐(宽窄巷子店),四川省成都市青羊区通惠门路33号德克士2楼,娱乐休闲:茶馆,30.663152,104.047276,14627.02,四川省,成都市,青羊区,510105,轻食,tencent_map
11376996648264359477,三十一健身.轻食,四川省成都市武侯区武侯大道吾悦广场负一楼,运动健身:健身中心,30.625537,103.988338,14786.6,四川省,成都市,武侯区,510107,轻食,tencent_map
11220619228407988909,粮磨缘肠粉·简餐甜品,四川省成都市武侯区簇锦街道聚福路834号,美食:小吃快餐,30.622999,103.990391,15121.76,四川省,成都市,武侯区,510107,轻食,tencent_map
3285849024197570168,鲁啦啦时尚简餐(横东城根街31号院店),四川省成都市青羊区西御河街道横东城根街31号附9号,美食:家常菜,30.670446,104.061203,15176.54,四川省,成都市,青羊区,510105,轻食,tencent_map
16438254108765118667,听雨澜山茶府棋牌·简餐·品茗(星悦荟店),四川省成都市武侯区簇锦街道来凤四路151号1栋1单元6层8号,娱乐休闲:茶馆,30.617289,103.981368,15425.91,四川省,成都市,武侯区,510107,轻食,tencent_map
3867967225831982984,Mrs.蛋白质健康轻食料理,四川省成都市武侯区万兴路477号凡米里商业街6#-108,美食:日韩菜:其它日韩菜,30.620488,103.995732,15575.71,四川省,成都市,武侯区,510107,轻食,tencent_map
12425079539270724407,食野SAYYEAH创意轻食(簇桥店),四川省成都市武侯区簇锦街道万兴路713号一层,美食:小吃快餐,30.618384,103.989781,15578.98,四川省,成都市,武侯区,510107,轻食,tencent_map
3746727165906268016,喜赞·暖轻食·健康餐(武侯万达店),四川省成都市武侯区簇锦街道聚龙路988号1幢-1楼2048号,美食:小吃快餐,30.620849,103.998159,15631.9,四川省,成都市,武侯区,510107,轻食,tencent_map
4249093930424292778,蔓味轻食·沙拉·健康餐(尚品奥莱广场店),四川省成都市武侯区聚龙路988号尚品奥莱广场B1层,美食:小吃快餐,30.620743,103.998338,15649.65,四川省,成都市,武侯区,510107,轻食,tencent_map
297489476025932785,上闲coffee(新界三期店),四川省成都市武侯区簇锦街道太平园横一街519号1楼,娱乐休闲:咖啡厅,30.627816,104.014991,15681.46,四川省,成都市,武侯区,510107,轻食,tencent_map
7914132780730397175,抓梦觉·咖啡·甜品,四川省成都市青羊区东胜街15号1栋1单元,娱乐休闲:咖啡厅,30.66039,104.05925,15703.6,四川省,成都市,青羊区,510105,轻食,tencent_map
8263946832937990193,木桑森林.轻食健康餐新繁店,四川省成都市新都区爱蓬春街14-16号,美食:西餐:其它西餐,30.871767,104.013879,15753.32,四川省,成都市,新都区,510114,轻食,tencent_map
